id,y_pred,y_true
127863,0,0
582581,0,0
479520,0,0
456452,0,0
21579,0,0
468395,0,0
1021376,0,0
700105,0,0
260697,0,0
897201,0,0
580816,0,0
799229,0,0
610182,0,0
680148,0,0
756135,0,0
32902,0,0
716527,0,0
631759,0,0
245591,0,0
138163,0,0
436145,1,0
261885,0,0
866610,0,0
595145,0,0
245145,0,0
534170,0,0
335361,0,0
1036945,0,0
752692,0,0
826956,0,0
599106,0,0
1005990,0,0
211767,0,0
857225,0,0
684512,0,0
497765,0,0
260565,0,0
855806,0,0
722223,0,0
944164,0,0
195399,0,0
308349,0,0
862722,0,0
787061,0,0
158421,0,0
136217,0,0
930661,0,0
517351,0,0
24336,0,0
279167,0,0
737162,0,0
956344,0,0
271523,0,0
475121,0,0
190091,0,0
378293,0,0
778735,0,0
247484,0,0
411142,0,0
271855,0,0
674660,0,0
896972,0,0
214063,0,0
405215,0,0
615235,0,0
196525,1,0
307944,0,0
608161,0,0
166535,0,0
496815,0,0
157187,0,0
990825,0,0
283315,0,0
874000,0,0
647921,0,0
605396,0,0
995945,0,0
595239,0,0
151456,0,0
516133,0,0
449529,0,0
786652,0,0
909971,0,0
405239,0,0
357088,0,0
673039,0,0
77225,0,0
136902,0,0
489449,0,0
643063,0,0
462791,0,0
876299,0,0
171128,1,0
931305,0,0
21734,0,0
504652,0,0
164938,0,0
811631,0,0
184362,0,0
276948,0,0
593332,0,0
548020,0,0
1009684,0,0
221612,0,0
423038,0,0
930226,0,0
947319,0,0
948959,0,0
712429,0,0
792760,0,0
166349,0,0
927347,0,0
396103,0,0
975384,0,0
959199,0,0
959133,0,0
325005,0,0
492773,0,0
948957,0,0
649502,0,0
373242,0,0
577153,0,0
304505,0,0
714326,0,0
372753,0,0
356599,0,0
320440,0,0
475497,0,0
809989,0,0
439603,0,0
313734,0,0
361340,0,0
675118,0,0
336305,1,0
677996,0,0
166683,0,0
492883,0,0
456044,0,0
566193,0,0
852642,0,0
794662,0,0
542503,0,0
771870,0,0
1034508,0,0
195387,0,0
749824,0,0
310324,1,0
655345,0,0
745245,0,0
664277,0,0
504101,0,0
69078,0,0
252078,0,0
511905,0,0
859862,0,0
522252,0,0
62157,0,0
853506,0,0
930898,0,0
798206,0,0
779402,0,0
644018,0,0
22062,0,0
455542,0,0
386083,0,0
467235,0,0
353529,0,0
519412,0,0
715440,0,0
666831,0,0
323004,0,0
679953,0,0
271317,0,0
806116,0,0
456870,0,0
524034,0,0
636215,0,0
367897,0,0
931338,0,0
814903,0,0
875074,0,0
972077,0,0
650322,0,0
697612,0,0
803456,0,0
893114,0,0
746804,0,0
693782,0,0
728590,0,0
610184,0,0
222138,0,0
718814,0,0
845533,0,0
653598,0,0
799673,0,0
216973,0,0
602337,0,0
882327,0,0
546738,0,0
281200,0,0
184283,0,0
134154,0,0
270428,0,0
302759,0,0
855743,0,0
789992,0,0
218953,0,0
782162,0,0
798986,0,0
422677,0,0
617145,0,0
387717,0,0
700595,0,0
197368,0,0
746431,0,0
8320,0,0
481944,0,0
561928,0,0
844014,0,0
27082,0,0
56178,0,0
567908,0,0
794329,0,0
185989,0,0
702189,0,0
160118,0,0
777733,0,0
753749,0,0
1047700,0,0
9052,0,0
461590,0,0
682764,0,0
523593,0,0
116842,0,0
351926,0,0
134040,0,0
555042,0,0
438901,0,0
464967,0,0
619207,0,0
59988,0,0
344517,0,0
296374,0,0
519070,0,0
1046,0,0
770132,0,0
348602,0,0
724514,0,0
721423,0,0
214875,0,0
582315,0,0
694069,0,0
614643,0,0
515932,0,0
844124,0,0
981635,0,0
370154,0,0
424066,0,0
489951,0,0
500984,0,0
997773,0,0
230885,0,0
517765,0,0
355905,0,0
240739,0,0
929901,0,0
149255,0,0
575382,0,0
553147,0,0
901461,0,0
91465,0,0
521699,0,0
501918,0,0
877913,0,0
255474,0,0
901672,0,0
159682,0,0
678931,0,0
1017191,0,0
565063,0,0
1028314,0,0
519779,0,0
478770,0,0
349204,0,0
91731,0,0
492573,0,0
963601,0,0
302556,0,0
847142,0,0
581539,0,0
998166,0,0
725386,0,0
481557,0,0
767104,0,0
642445,0,0
197597,0,0
171693,0,0
368986,0,0
259180,1,0
239240,0,0
758489,0,0
901829,0,0
28461,0,0
1001538,0,0
604074,0,0
486388,0,0
819251,0,0
183914,0,0
314321,0,0
648084,0,0
558348,0,0
533886,0,0
799335,0,0
320680,0,0
594951,0,0
1005652,0,0
966780,0,0
190293,0,0
784776,0,0
769616,0,0
978199,0,0
698755,0,0
535282,0,0
858423,0,0
477133,0,0
157837,0,0
843171,0,0
622250,0,0
642052,0,0
530905,0,0
1003058,0,0
553745,0,0
159088,0,0
849564,0,0
755338,0,0
275728,0,0
143415,0,0
202185,0,0
1043294,0,0
829958,0,0
194564,0,0
238097,0,0
822227,0,0
735164,0,0
826133,0,0
432008,0,0
188715,0,0
980644,0,0
805672,0,0
288900,0,0
364394,0,0
139198,1,0
556934,0,0
686972,0,0
949,0,0
76609,0,0
29638,0,0
361544,0,0
648105,0,0
252718,0,0
333038,0,0
535695,0,0
912124,0,0
966110,0,0
894126,0,0
752780,0,0
173013,0,0
1006237,0,0
1047509,0,0
506465,0,0
254592,0,0
442506,0,0
789681,0,0
527016,0,0
135859,0,0
469708,0,0
481357,0,0
818149,0,0
870864,0,0
828508,0,0
284183,0,0
157867,0,0
818491,0,0
442667,0,0
915920,0,0
527047,0,0
881289,0,0
493864,0,0
822817,0,0
788656,0,0
131136,0,0
873075,0,0
59278,0,0
240177,0,0
501113,0,0
770150,0,0
285927,0,0
457990,0,0
328603,0,0
728630,0,0
951546,0,0
38594,0,0
601102,0,0
542297,0,0
831310,0,0
596989,0,0
610869,0,0
658871,0,0
433787,0,0
173638,0,0
1047080,0,0
1031459,0,0
275183,0,0
642808,0,0
514819,0,0
618497,0,0
153684,1,0
1011199,0,0
475009,0,0
518934,0,0
833286,0,0
763138,0,0
755804,0,0
823530,0,0
1046107,0,0
549496,0,0
823207,0,0
860881,0,0
947194,0,0
148816,0,0
654852,0,0
276602,0,0
320991,0,0
407348,0,0
80014,0,0
459144,0,0
513787,0,0
624872,0,0
907794,0,0
824575,0,0
901256,0,0
464463,0,0
625319,0,0
156804,0,0
862101,0,0
1048094,0,0
556483,0,0
449747,0,0
966700,0,0
490002,0,0
559213,0,0
224238,0,0
468824,0,0
70686,0,0
801445,0,0
852718,0,0
509784,0,0
995559,0,0
910465,0,0
767918,0,0
653895,0,0
646030,0,0
336337,0,0
292225,0,0
724803,0,0
279084,0,0
157882,0,0
531893,0,0
714558,0,0
731716,0,0
908947,0,0
997469,0,0
790341,0,0
420588,1,0
805124,0,0
981140,0,0
451792,0,0
661183,0,0
230399,0,0
418878,0,0
585365,0,0
103544,0,0
511668,0,0
209266,0,0
675034,0,0
652721,0,0
854196,0,0
579519,0,0
1012825,0,0
694369,0,0
671895,0,0
431229,0,0
944417,0,0
1016333,0,0
525568,0,0
796917,0,0
358006,0,0
640773,0,0
211470,0,0
859362,0,0
851471,0,0
719891,0,0
182143,0,0
893762,0,0
711188,0,0
204027,0,0
11607,0,0
919972,0,0
1017716,0,0
869537,0,0
765480,0,0
444096,0,0
793737,0,0
944643,0,0
391851,0,0
588908,0,0
728497,0,0
787482,0,0
309637,0,0
261836,1,0
624055,0,0
730196,0,0
737338,0,0
656186,0,0
921937,0,0
1030901,0,0
666870,0,0
1022849,0,0
590326,0,0
192999,0,0
187690,0,0
780558,0,0
331212,0,0
1025306,0,0
457333,0,0
288055,0,0
164298,0,0
925165,0,0
175305,0,0
326205,0,0
191888,0,0
333797,0,0
830169,0,0
900451,0,0
287577,0,0
599283,0,0
196595,0,0
283947,0,0
619358,0,0
302555,0,0
212180,0,0
672867,0,0
640192,0,0
1040321,0,0
770574,0,0
750078,0,0
396518,1,0
854040,0,0
783922,0,0
193883,0,0
266664,0,0
518785,0,0
894969,0,0
50785,0,0
681699,0,0
536158,0,0
17721,0,0
113449,0,0
925051,0,0
133648,0,0
378518,1,0
674333,0,0
674241,0,0
524396,0,0
235127,0,0
660768,0,0
21994,0,0
146489,0,0
762572,0,0
519742,0,0
867316,0,0
496785,0,0
822470,0,0
141710,0,0
132685,1,0
102300,0,0
604329,0,0
345557,0,0
175492,0,0
242883,0,0
783055,0,0
734975,0,0
598957,0,0
892752,0,0
848537,0,0
651380,0,0
461100,0,0
648256,0,0
990488,0,0
628768,0,0
159704,0,0
666015,0,0
1026836,0,0
580285,0,0
304430,0,0
1000955,0,0
929039,0,0
893661,0,0
262769,0,0
145597,0,0
1034075,0,0
382606,0,0
658441,0,0
1033212,0,0
538778,0,0
148792,0,0
654208,0,0
487856,0,0
623298,0,0
497143,0,0
864445,0,0
209552,0,0
453190,0,0
752903,0,0
27380,0,0
770992,0,0
293375,0,0
678306,0,0
274496,0,0
886324,0,0
315395,0,0
530066,0,0
588996,0,0
441507,0,0
311539,0,0
869784,0,0
11862,0,0
1011413,0,0
5098,0,0
757245,0,0
1000627,0,0
524661,0,0
509475,0,0
847169,0,0
218039,0,0
927902,0,0
1025712,0,0
589094,0,0
822635,0,0
157460,1,0
552649,0,0
595690,0,0
410147,0,0
1000958,0,0
873849,0,0
35267,0,0
1018093,0,0
516594,0,0
423416,0,0
880283,0,0
1044212,0,0
501941,0,0
241261,0,0
688736,0,0
224994,0,0
962264,0,0
159479,0,0
327521,0,0
280582,0,0
960551,0,0
36041,0,0
709772,0,0
392168,0,0
844045,0,0
692813,0,0
220151,0,0
1014745,0,0
862003,0,0
906807,0,0
429374,0,0
699975,0,0
222765,0,0
249478,0,0
591858,0,0
154121,0,0
578094,0,0
286728,0,0
426767,0,0
920499,0,0
818636,0,0
979243,0,0
474542,0,0
816181,0,0
750275,0,0
895068,0,0
843703,0,0
991729,0,0
211034,0,0
800916,0,0
502057,0,0
202343,0,0
816423,0,0
519396,0,0
307755,0,0
489150,0,0
979188,0,0
354992,0,0
561166,0,0
602186,0,0
311760,0,0
768086,0,0
713564,0,0
814870,0,0
265800,0,0
138288,0,0
696379,0,0
531109,0,0
703759,0,0
814625,0,0
810898,0,0
650589,0,0
980206,0,0
10259,0,0
421659,0,0
470296,0,0
603070,0,0
303723,0,0
656743,0,0
92646,0,0
785223,0,0
297378,1,0
352004,0,0
134921,0,0
703184,0,0
8201,0,0
582608,0,0
470166,0,0
730603,0,0
1019063,0,0
273445,0,0
754130,0,0
897984,0,0
467131,0,0
919275,0,0
755801,0,0
76767,0,0
828284,0,0
202268,0,0
843727,0,0
403013,0,0
644716,0,0
462154,0,0
770783,0,0
822601,0,0
781649,0,0
417618,0,0
781638,0,0
204099,0,0
742565,0,0
941389,0,0
665258,0,0
150246,0,0
1032457,0,0
945519,0,0
683242,0,0
708191,0,0
306872,0,0
761234,0,0
508285,0,0
486264,0,0
897259,0,0
384932,0,0
872278,0,0
943912,0,0
265936,0,0
40730,0,0
622731,0,0
477967,0,0
781124,0,0
18210,0,0
358554,0,0
805214,0,0
641872,0,0
637117,0,0
497042,0,0
780347,0,0
874651,0,0
513618,0,0
487369,0,0
152858,0,0
1042788,0,0
735322,0,0
196022,0,0
10385,0,0
170273,0,0
361725,1,0
874001,0,0
514596,0,0
375829,0,0
486704,0,0
730085,0,0
713977,0,0
123522,0,0
338951,0,0
661975,0,0
608832,0,0
1033470,0,0
12049,0,0
488532,0,0
1042091,0,0
845690,0,0
861472,0,0
557232,0,0
360282,0,0
608890,0,0
662024,0,0
768667,0,0
1002627,0,0
445963,0,0
669718,0,0
326912,0,0
537004,0,0
878471,0,0
622454,0,0
235934,0,0
843297,0,0
748554,0,0
772391,0,0
350421,0,0
801487,0,0
938828,0,0
371908,0,0
533273,0,0
447852,0,0
996965,0,0
795498,0,0
651297,0,0
894772,0,0
839942,0,0
987968,0,0
898887,0,0
654470,0,0
914451,0,0
380837,0,0
759459,0,0
655482,0,0
756512,0,0
609056,0,0
557983,0,0
873844,0,0
403263,0,0
699990,0,0
736506,0,0
267049,0,0
182816,0,0
609387,0,0
180979,0,0
692927,0,0
449975,0,0
943321,0,0
64555,0,0
1010554,0,0
468738,0,0
253953,0,0
877776,0,0
356060,0,0
143154,0,0
583582,0,0
1007506,0,0
669763,0,0
873428,0,0
986584,0,0
912929,0,0
851743,0,0
853671,0,0
590076,0,0
671861,0,0
814965,0,0
381744,0,0
729348,0,0
581849,0,0
620767,0,0
581739,0,0
711338,0,0
421074,0,0
800823,0,0
1003456,0,0
131129,0,0
749553,0,0
776578,0,0
174148,1,0
292765,0,0
259099,0,0
208817,1,0
645768,0,0
611697,0,0
667832,0,0
401451,0,0
45658,0,0
156487,0,0
373093,0,0
490638,0,0
905034,0,0
803099,0,0
582920,0,0
614134,0,0
137793,0,0
1035352,0,0
710130,0,0
343478,0,0
274679,1,0
991087,0,0
1014054,0,0
526867,0,0
837939,0,0
277504,0,0
805209,0,0
570744,0,0
162414,0,0
165871,1,0
531261,0,0
156298,0,0
507570,0,0
641644,0,0
509764,0,0
602348,0,0
267739,0,0
155790,0,0
772366,0,0
918988,0,0
729472,0,0
1015540,0,0
569638,0,0
269706,0,0
132203,0,0
881481,0,0
213904,0,0
1042150,0,0
539133,0,0
1014641,0,0
216630,0,0
626038,0,0
1019588,0,0
145693,1,0
321839,0,0
123977,0,0
4696,0,0
168632,0,0
369611,0,0
1042686,0,0
912174,0,0
209657,0,0
310035,0,0
1028836,0,0
921452,0,0
497877,0,0
325327,0,0
628975,0,0
860066,0,0
155643,0,0
290208,0,0
396534,0,0
727157,0,0
274140,0,0
683700,0,0
910565,0,0
755759,0,0
655468,0,0
738763,0,0
978305,0,0
644624,0,0
533747,0,0
688501,0,0
430372,0,0
968084,0,0
351567,1,0
469258,0,0
791039,0,0
285861,0,0
964377,0,0
687004,0,0
459883,0,0
554556,0,0
1002940,0,0
829650,0,0
766523,0,0
517414,0,0
880365,0,0
897844,0,0
981985,0,0
993892,0,0
171113,0,0
303162,0,0
357772,0,0
714486,0,0
703472,0,0
644806,0,0
573978,0,0
1034596,0,0
220215,0,0
520504,0,0
769720,0,0
851919,0,0
1024709,0,0
363915,0,0
327675,0,0
347703,0,0
953885,0,0
312234,0,0
1013943,0,0
809518,0,0
337344,0,0
248372,0,0
570940,0,0
253165,0,0
984073,0,0
864155,0,0
317571,0,0
321340,0,0
590587,0,0
500987,0,0
1033083,0,0
651592,0,0
128179,0,0
235602,1,0
331661,0,0
344634,0,0
938579,0,0
1037192,0,0
1029914,0,0
381001,0,0
175363,1,0
314787,0,0
2259,0,0
817226,0,0
541641,0,0
738806,0,0
337219,0,0
538380,0,0
320710,0,0
493462,0,0
360203,0,0
245694,0,0
320435,0,0
539313,0,0
859951,0,0
341293,0,0
1017557,0,0
653772,0,0
381411,0,0
259015,0,0
775946,0,0
608530,0,0
166467,0,0
653983,0,0
337936,0,0
404780,0,0
671978,0,0
182790,0,0
717296,0,0
290187,0,0
1024636,0,0
515348,0,0
232602,0,0
632374,0,0
251045,1,0
521653,0,0
173598,0,0
2334,0,0
1007050,0,0
921642,0,0
815807,0,0
459260,0,0
5714,0,0
951943,0,0
875106,0,0
724467,0,0
808370,0,0
1034693,0,0
285213,0,0
461110,0,0
696824,0,0
835363,0,0
410712,0,0
134481,0,0
788102,0,0
853013,0,0
451217,0,0
597148,0,0
833207,0,0
960210,0,0
243451,0,0
325774,0,0
396451,0,0
895780,0,0
910362,0,0
915221,0,0
828521,0,0
756798,0,0
878257,0,0
208282,0,0
878917,0,0
943128,0,0
224224,0,0
916487,0,0
978198,0,0
974449,0,0
135707,0,0
449977,0,0
817817,0,0
154715,0,0
452782,0,0
785097,0,0
623818,0,0
395481,0,0
814157,0,0
663651,0,0
935591,0,0
135237,0,0
155801,0,0
626151,0,0
671095,0,0
209452,0,0
709285,0,0
28141,0,0
695503,0,0
314967,0,0
295195,0,0
66725,0,0
401846,0,0
870034,0,0
373588,0,0
901117,0,0
235389,0,0
605914,0,0
831907,0,0
364033,0,0
68563,0,0
1015252,0,0
513890,0,0
628109,0,0
487182,0,0
551394,0,0
272076,0,0
678307,0,0
268897,1,0
520376,0,0
155511,0,0
539489,0,0
948660,0,0
47443,0,0
863035,0,0
794241,0,0
831068,0,0
1007772,0,0
486869,0,0
712826,0,0
192945,0,0
944711,0,0
152405,0,0
946694,0,0
297031,0,0
57835,0,0
775985,0,0
383447,0,0
72244,0,0
879349,0,0
824542,0,0
786358,0,0
710645,0,0
366369,0,0
272362,1,0
168874,0,0
413131,0,0
587743,0,0
56600,0,0
195242,0,0
1009716,0,0
308580,0,0
997097,0,0
455713,0,0
541154,0,0
228305,0,0
748690,0,0
704528,0,0
984666,0,0
626197,0,0
402272,0,0
487239,0,0
481876,0,0
1005846,0,0
443264,0,0
615545,0,0
198128,0,0
121842,0,0
191507,0,0
441283,1,0
786533,0,0
486100,0,0
247142,0,0
185815,0,0
952610,0,0
365205,0,0
767305,0,0
397277,0,0
813293,0,0
410274,0,0
518472,0,0
1028146,0,0
388731,0,0
381932,0,0
896397,0,0
847873,0,0
257528,1,0
425390,0,0
172215,0,0
175154,0,0
304162,0,0
702049,0,0
326498,0,0
536540,0,0
223923,0,0
639353,0,0
554615,0,0
555760,0,0
357657,0,0
626928,0,0
680776,0,0
993212,0,0
918646,0,0
631969,0,0
824755,0,0
137894,0,0
682386,0,0
455956,0,0
817387,0,0
330172,0,0
52907,0,0
768275,0,0
472017,0,0
880683,0,0
525085,0,0
523993,0,0
293047,0,0
406510,0,0
642696,0,0
254181,0,0
960128,0,0
525066,0,0
386921,0,0
831905,0,0
710537,0,0
1003358,0,0
262100,0,0
849411,0,0
128789,0,0
93646,0,0
266292,0,0
958556,0,0
1046131,0,0
378204,0,0
671301,0,0
755265,0,0
150167,0,0
289083,0,0
380698,0,0
757449,0,0
61861,0,0
75463,0,0
369622,0,0
899405,0,0
770986,0,0
779563,0,0
250195,0,0
463705,0,0
449730,0,0
661048,0,0
393441,0,0
1024955,0,0
357301,0,0
644649,0,0
201,0,0
933833,0,0
975930,0,0
410723,0,0
853441,0,0
754881,0,0
27611,0,0
242738,0,0
397550,0,0
404687,0,0
463189,0,0
774518,0,0
252752,0,0
254444,0,0
919194,0,0
1008312,0,0
513402,0,0
554744,0,0
171159,0,0
768329,0,0
655831,0,0
707142,0,0
755264,0,0
938871,0,0
988182,0,0
385100,0,0
166413,0,0
620360,0,0
586084,0,0
948117,0,0
951524,0,0
181480,0,0
488875,0,0
709476,0,0
955383,0,0
914957,0,0
1024928,0,0
146668,0,0
271652,0,0
295508,0,0
953044,0,0
234959,0,0
349410,0,0
687732,0,0
557545,0,0
408475,0,0
160167,1,0
601712,0,0
871250,0,0
949701,0,0
80823,0,0
140345,1,0
375389,0,0
987113,0,0
747704,0,0
236513,0,0
893807,0,0
614528,0,0
494435,0,0
291286,0,0
341574,0,0
579812,0,0
755862,0,0
537887,0,0
598214,0,0
312696,0,0
258599,1,0
746667,0,0
490399,0,0
60936,0,0
498127,0,0
317281,0,0
217354,0,0
313253,0,0
621863,0,0
506347,0,0
567667,0,0
591142,0,0
134051,0,0
235585,0,0
303583,0,0
701032,0,0
160684,1,0
164074,0,0
379896,1,0
144745,0,0
10328,0,0
266063,0,0
925598,0,0
440684,0,0
806080,0,0
466008,0,0
229956,0,0
548861,0,0
587605,0,0
550666,0,0
424304,0,0
642644,0,0
1006308,0,0
466386,0,0
858375,0,0
762358,0,0
823274,0,0
1039223,0,0
258007,0,0
822597,0,0
380948,0,0
525426,0,0
132192,0,0
811943,0,0
254105,0,0
1021116,0,0
721379,0,0
951473,0,0
456315,0,0
473875,0,0
411870,0,0
1037816,0,0
527497,0,0
629298,0,0
816434,0,0
760382,0,0
656490,0,0
38812,0,0
142304,0,0
68149,0,0
289765,0,0
894933,0,0
839044,0,0
180993,0,0
159,0,0
137032,0,0
591353,0,0
616378,0,0
842267,0,0
930917,0,0
634586,0,0
768600,0,0
430666,0,0
753282,0,0
390837,0,0
682402,0,0
218387,0,0
537821,0,0
686036,0,0
926121,0,0
891201,0,0
308728,0,0
171455,0,0
448800,0,0
1010393,0,0
383720,0,0
977042,0,0
125387,0,0
278948,1,0
149355,0,0
571712,0,0
558836,0,0
757763,0,0
266536,0,0
540304,0,0
660342,0,0
989327,0,0
888678,0,0
342616,0,0
884644,0,0
741690,0,0
740913,0,0
173082,1,0
843666,0,0
520817,0,0
415800,1,0
343841,0,0
82058,0,0
37231,0,0
334983,0,0
174575,0,0
680665,0,0
168651,0,0
196397,0,0
750388,0,0
922132,0,0
640577,0,0
261045,0,0
1048070,0,0
467609,0,0
918956,0,0
821302,0,0
484577,0,0
616595,0,0
160127,0,0
364917,0,0
756219,0,0
166859,0,0
571640,0,0
901982,0,0
948700,0,0
857268,0,0
501924,0,0
367757,0,0
486603,0,0
907791,1,0
705028,0,0
808392,0,0
740362,0,0
141462,1,0
678204,0,0
484916,0,0
830613,0,0
252958,0,0
258987,1,0
661662,0,0
384581,0,0
197292,0,0
557389,0,0
687744,0,0
965459,0,0
906030,0,0
885130,0,0
189964,0,0
265586,0,0
284384,0,0
650887,0,0
904182,0,0
453351,0,0
817997,0,0
802884,0,0
123448,0,0
859510,0,0
591558,0,0
786852,0,0
467414,0,0
688319,0,0
1036203,0,0
506615,0,0
730895,0,0
384961,0,0
542162,0,0
319856,1,0
839916,0,0
902270,0,0
361248,0,0
948960,0,0
382021,0,0
345279,0,0
350826,0,0
254706,0,0
143821,0,0
528142,0,0
574445,0,0
643443,0,0
296836,1,0
284785,0,0
658725,0,0
531586,0,0
374726,0,0
923069,0,0
926097,0,0
384994,0,0
793512,0,0
512676,0,0
906313,0,0
830035,0,0
119830,0,0
535448,0,0
958803,0,0
546012,0,0
172824,0,0
595359,0,0
1004083,0,0
834756,0,0
998156,0,0
608749,0,0
157970,1,0
176841,0,0
911573,0,0
511912,0,0
1032122,0,0
857347,0,0
749461,0,0
634647,0,0
838707,0,0
275343,0,0
1009739,0,0
169969,0,0
171174,1,0
536078,0,0
357333,0,0
832320,0,0
381210,0,0
621094,0,0
448381,0,0
300698,0,0
1032024,0,0
822315,0,0
456860,0,0
510670,0,0
143005,0,0
946822,0,0
503918,0,0
582645,0,0
795698,0,0
875411,0,0
987397,0,0
407437,0,0
192741,0,0
14775,0,0
231455,0,0
695373,0,0
805163,0,0
726865,0,0
17325,0,0
809756,0,0
999930,0,0
489233,0,0
408787,0,0
660494,0,0
920881,0,0
182005,0,0
272084,0,0
930262,0,0
505435,0,0
267517,0,0
733917,0,0
71075,0,0
385869,0,0
677701,0,0
349421,0,0
815122,0,0
952135,0,0
830710,0,0
554913,0,0
235701,0,0
251411,0,0
40844,0,0
962387,0,0
917627,0,0
189790,0,0
361245,0,0
434070,0,0
410211,0,0
332969,0,0
803981,0,0
682800,0,0
392446,0,0
61419,0,0
409530,0,0
305393,0,0
507716,0,0
35389,0,0
680385,0,0
915124,0,0
251440,0,0
375202,0,0
416910,0,0
246431,0,0
335884,0,0
671147,0,0
13010,0,0
984308,0,0
165824,0,0
264469,0,0
359313,0,0
191003,0,0
522515,0,0
587802,0,0
482351,0,0
844375,0,0
454890,0,0
819573,0,0
383515,0,0
402393,0,0
51839,0,0
38467,0,0
238061,0,0
699354,0,0
71861,0,0
584441,0,0
66411,0,0
859728,0,0
564876,0,0
975928,0,0
828816,0,0
594167,0,0
785372,0,0
981568,0,0
818356,0,0
842352,0,0
778719,0,0
720208,0,0
1005979,0,0
166476,0,0
726207,0,0
709024,0,0
541611,0,0
386272,0,0
589370,0,0
1010373,0,0
671678,0,0
505115,0,0
478494,0,0
913923,0,0
944660,0,0
917615,0,0
484643,0,0
780174,0,0
484871,0,0
351878,0,0
67113,0,0
270433,0,0
363572,0,0
853741,0,0
7882,0,0
613707,0,0
878430,0,0
474632,0,0
479951,0,0
334522,0,0
6702,0,0
530072,0,0
257069,0,0
183698,1,0
938263,0,0
236594,0,0
172182,0,0
3187,0,0
685187,0,0
30506,0,0
809372,0,0
416064,0,0
169261,0,0
177082,1,0
325576,0,0
334756,0,0
778404,0,0
1019829,0,0
832289,0,0
498535,0,0
38562,0,0
378418,0,0
310555,0,0
997073,0,0
63166,0,0
466253,0,0
414243,0,0
74888,0,0
576489,0,0
756596,0,0
342538,0,0
1001264,0,0
1028257,0,0
273907,0,0
984684,0,0
1027935,0,0
423783,0,0
592562,0,0
687948,0,0
487609,0,0
711090,0,0
627011,0,0
942238,0,0
321713,0,0
131911,0,0
107307,0,0
270885,0,0
516992,0,0
130833,0,0
400893,0,0
903310,0,0
955944,0,0
491949,0,0
859869,0,0
286444,0,0
491388,0,0
322390,0,0
531084,0,0
408829,0,0
473759,0,0
325507,0,0
744648,0,0
348256,0,0
233735,0,0
164697,0,0
857224,0,0
936273,0,0
887,0,0
357973,1,0
1011341,0,0
830692,0,0
267412,0,0
411898,0,0
734193,0,0
951255,0,0
994858,0,0
508182,0,0
185317,0,0
136146,0,0
970194,0,0
838165,0,0
201421,0,0
169151,0,0
194604,0,0
739599,0,0
224706,0,0
252328,0,0
194190,0,0
742482,0,0
350290,0,0
879664,0,0
989236,0,0
372195,0,0
771646,0,0
974931,0,0
743327,0,0
849451,0,0
146973,0,0
123080,0,0
477930,0,0
934361,0,0
316533,0,0
670536,0,0
165637,0,0
775269,0,0
887231,0,0
343121,0,0
126347,0,0
95063,0,0
697156,0,0
660057,0,0
563226,0,0
669657,0,0
492283,0,0
823646,0,0
459168,0,0
281762,0,0
903600,0,0
174109,0,0
478162,0,0
837712,0,0
50232,0,0
758532,0,0
376124,0,0
956734,0,0
1006086,0,0
241025,0,0
133540,0,0
714114,0,0
215547,0,0
942304,0,0
970291,0,0
148726,1,0
724731,0,0
571283,0,0
379501,0,0
798801,0,0
720286,0,0
76639,0,0
598411,0,0
864818,0,0
563228,0,0
510608,0,0
1020306,0,0
527179,0,0
298912,0,0
259922,0,0
889039,0,0
459343,0,0
474800,0,0
1006536,0,0
649896,0,0
463246,0,0
618357,0,0
58365,0,0
130036,0,0
601558,0,0
183357,0,0
783355,0,0
383763,0,0
231554,0,0
558071,0,0
505365,0,0
374234,0,0
62492,0,0
220695,0,0
574570,0,0
630811,0,0
494890,0,0
752548,0,0
330794,1,0
822976,0,0
433995,0,0
223836,0,0
560317,0,0
164950,0,0
25775,0,0
433120,0,0
508468,0,0
723457,0,0
684640,0,0
1039024,0,0
838481,0,0
907995,0,0
548535,0,0
843685,0,0
549809,0,0
537537,0,0
653259,0,0
889191,0,0
407343,0,0
784828,0,0
378023,0,0
370198,0,0
682055,0,0
834083,0,0
731607,0,0
637888,0,0
864185,0,0
450331,0,0
986956,0,0
271552,0,0
207142,0,0
129890,0,0
705156,0,0
973056,0,0
687199,0,0
273892,0,0
735566,0,0
634414,0,0
852422,0,0
916493,0,0
954474,0,0
243580,0,0
574136,0,0
706744,0,0
1014386,0,0
396488,1,0
244682,0,0
588248,0,0
838671,0,0
986421,0,0
745672,0,0
740712,0,0
12178,0,0
288882,0,0
362571,0,0
639248,0,0
171779,1,0
375223,0,0
714276,0,0
628139,0,0
675231,0,0
73047,0,0
350216,0,0
586651,0,0
187898,0,0
618313,0,0
996165,0,0
465683,0,0
937512,0,0
220264,0,0
647367,0,0
685484,0,0
171977,0,0
428250,0,0
320203,0,0
332216,0,0
270274,0,0
380120,0,0
449039,0,0
802890,0,0
884385,0,0
219614,0,0
762816,0,0
704315,0,0
929359,0,0
990476,0,0
688815,0,0
632039,0,0
930587,0,0
603293,0,0
161885,0,0
984487,0,0
729303,0,0
198950,0,0
994043,0,0
540308,0,0
1002565,0,0
460117,0,0
21706,0,0
346767,0,0
163013,1,0
980736,0,0
446571,0,0
911100,0,0
321966,0,0
217767,0,0
989020,0,0
440227,0,0
619769,0,0
318421,0,0
685914,0,0
558714,0,0
554769,0,0
834554,0,0
357410,0,0
1035280,0,0
670921,0,0
502899,0,0
396932,0,0
794669,0,0
614914,0,0
58432,0,0
972007,0,0
594795,0,0
529242,0,0
173626,0,0
1008907,0,0
880415,0,0
1032130,0,0
205272,0,0
511191,0,0
347499,0,0
327596,0,0
1021408,0,0
177515,0,0
478437,0,0
807229,0,0
281349,1,0
171650,0,0
476170,0,0
675675,0,0
539734,0,0
347088,1,0
779647,0,0
697732,0,0
768996,0,0
826626,0,0
61259,0,0
484381,0,0
456364,0,0
568022,0,0
943513,0,0
350732,0,0
22723,0,0
688868,0,0
520871,0,0
543650,0,0
822569,0,0
619299,0,0
447103,0,0
446123,0,0
331383,0,0
858461,0,0
356369,0,0
725128,0,0
650381,0,0
490959,0,0
221932,0,0
479580,0,0
221089,0,0
224045,0,0
770319,0,0
805235,0,0
373323,0,0
886400,0,0
789739,0,0
690529,0,0
697703,0,0
606137,0,0
320364,0,0
895183,0,0
639708,0,0
326406,0,0
1004476,0,0
834773,0,0
915280,0,0
825109,0,0
225347,0,0
54164,0,0
362977,0,0
937178,0,0
797194,0,0
681556,0,0
268122,0,0
562630,0,0
400370,0,0
989042,0,0
365023,0,0
450954,0,0
336720,0,0
845123,0,0
766627,0,0
561830,0,0
331362,0,0
574440,0,0
648253,0,0
343348,0,0
497993,0,0
425,0,0
1008926,0,0
298926,0,0
972339,0,0
943100,0,0
278591,0,0
809529,0,0
996284,0,0
687168,0,0
537643,0,0
351224,0,0
30136,0,0
833210,0,0
719833,0,0
334747,0,0
848201,0,0
154451,0,0
502444,0,0
348882,1,0
582222,0,0
77943,0,0
715889,0,0
361858,0,0
145864,0,0
411924,0,0
995974,0,0
466371,0,0
316465,0,0
981554,0,0
783918,0,0
408992,0,0
13804,0,0
695865,0,0
568602,0,0
623048,0,0
706195,0,0
534044,0,0
404183,1,0
405400,0,0
853490,0,0
823829,0,0
325534,0,0
417565,0,0
879650,0,0
14497,0,0
332153,1,0
339785,0,0
631087,0,0
587596,0,0
181124,0,0
794858,0,0
628868,0,0
643007,0,0
387752,0,0
266305,0,0
312695,0,0
652378,0,0
450669,0,0
9792,0,0
784451,0,0
895134,0,0
1026550,0,0
661599,0,0
665849,0,0
704048,0,0
888971,0,0
996921,0,0
875779,0,0
937679,0,0
276719,0,0
717024,0,0
737468,0,0
791696,0,0
154713,0,0
369241,0,0
1035028,0,0
685722,0,0
781535,0,0
392292,0,0
134468,0,0
208591,0,0
258731,0,0
942753,0,0
188624,1,0
6981,0,0
564571,0,0
1000170,0,0
630476,0,0
961880,0,0
797892,0,0
782603,0,0
412409,0,0
76945,0,0
168996,0,0
937267,0,0
167771,0,0
616889,0,0
70701,0,0
575148,0,0
207866,0,0
273240,0,0
266538,1,0
352399,0,0
356372,0,0
248009,0,0
228528,0,0
576184,0,0
862446,0,0
315999,0,0
474016,0,0
837230,0,0
398190,0,0
369810,0,0
809012,0,0
1001928,0,0
227349,0,0
346983,0,0
135528,0,0
129996,0,0
800505,0,0
849827,0,0
169101,0,0
883729,0,0
520348,0,0
532775,0,0
323366,0,0
677780,0,0
1030072,0,0
386357,0,0
983839,0,0
6395,0,0
223365,0,0
656733,0,0
974318,0,0
577816,0,0
254758,1,0
699195,0,0
201938,0,0
275224,0,0
171344,0,0
719528,0,0
114438,0,0
356765,0,0
411506,0,0
495411,0,0
306654,0,0
896665,0,0
351761,0,0
693911,0,0
177194,0,0
869234,0,0
396298,0,0
605371,0,0
857230,0,0
145484,0,0
445826,0,0
360892,0,0
500849,0,0
513885,0,0
646484,0,0
699862,0,0
668615,0,0
1005913,0,0
675072,0,0
955612,0,0
762138,0,0
427609,0,0
408903,0,0
915475,0,0
468655,0,0
669790,0,0
598398,0,0
715285,0,0
342116,0,0
492364,0,0
999986,0,0
775751,0,0
789887,0,0
942426,0,0
31450,0,0
427150,0,0
570253,0,0
867419,0,0
624620,0,0
943782,0,0
973164,0,0
393026,0,0
262275,0,0
357063,1,0
620217,0,0
456362,0,0
422824,0,0
436240,0,0
955278,0,0
234771,0,0
46339,0,0
872509,0,0
12376,0,0
884583,0,0
323673,0,0
85054,0,0
558199,0,0
307613,0,0
318524,0,0
868707,0,0
769554,0,0
702361,0,0
1033465,0,0
1006157,0,0
926942,0,0
731150,0,0
922661,0,0
957834,0,0
857963,0,0
803397,0,0
652405,0,0
338721,0,0
604058,0,0
594091,0,0
928000,0,0
572144,0,0
256393,0,0
324852,0,0
744590,0,0
847478,0,0
757751,0,0
267743,0,0
764852,0,0
379998,0,0
667605,0,0
274208,0,0
775019,0,0
711151,0,0
987632,0,0
587617,0,0
530894,0,0
955197,0,0
185330,0,0
422518,0,0
730434,0,0
302862,0,0
96673,0,0
317894,0,0
570780,0,0
435395,0,0
484106,0,0
978712,0,0
1035992,0,0
1017249,0,0
898889,0,0
327825,0,0
832859,0,0
152169,0,0
722383,0,0
889646,0,0
321003,0,0
936250,0,0
434728,0,0
668644,0,0
946819,0,0
573132,0,0
1013826,0,0
856372,0,0
161098,0,0
1039345,0,0
732185,0,0
196654,0,0
958611,0,0
1008231,0,0
695245,0,0
211293,1,0
195,0,0
810751,0,0
797468,0,0
512532,0,0
859496,0,0
690573,0,0
325869,0,0
499317,0,0
811736,0,0
610296,0,0
199769,0,0
1017196,0,0
1023095,0,0
671311,0,0
717799,0,0
631595,0,0
152423,0,0
379812,0,0
865582,0,0
744546,0,0
460247,0,0
786649,0,0
15537,0,0
729736,0,0
743733,0,0
1030714,0,0
521883,0,0
1047622,0,0
176339,0,0
701184,0,0
280128,0,0
856570,0,0
1000475,0,0
681482,0,0
734036,0,0
1037159,0,0
578966,0,0
949752,0,0
779421,0,0
853071,0,0
908668,0,0
155476,0,0
903017,0,0
767747,0,0
930888,0,0
189308,0,0
325927,0,0
846842,0,0
432248,0,0
639526,0,0
625395,0,0
786809,0,0
238210,0,0
442493,0,0
1027772,0,0
914918,0,0
341881,0,0
876094,0,0
644340,0,0
374260,0,0
451617,0,0
1017100,0,0
506507,0,0
248761,0,0
584453,0,0
310663,0,0
588951,0,0
603668,0,0
274904,0,0
403439,0,0
219391,0,0
383297,0,0
863381,0,0
685480,0,0
770165,0,0
651268,0,0
744468,0,0
32641,0,0
1019869,0,0
798311,0,0
237155,0,0
731057,0,0
489897,0,0
870675,0,0
432273,0,0
483702,0,0
266260,0,0
88830,0,0
677657,0,0
385291,0,0
145892,0,0
693629,0,0
602949,0,0
912504,0,0
881430,0,0
242400,0,0
1033992,0,0
69917,0,0
841775,0,0
173066,0,0
582230,0,0
180369,0,0
871736,0,0
340838,0,0
594319,0,0
38753,0,0
564001,0,0
368319,0,0
273468,0,0
1002564,0,0
1006548,0,0
437401,0,0
495918,0,0
1001463,0,0
969558,0,0
759977,0,0
919885,0,0
891130,0,0
295927,0,0
340117,0,0
481829,0,0
649438,0,0
871129,0,0
769649,0,0
330919,0,0
979906,0,0
460108,0,0
27862,0,0
844260,0,0
578672,0,0
313345,0,0
406679,0,0
326010,0,0
255772,0,0
399059,0,0
657888,0,0
1027212,0,0
785489,0,0
454277,0,0
526202,0,0
291857,1,0
511824,0,0
769737,0,0
686322,0,0
686288,0,0
1009960,0,0
164564,0,0
55614,0,0
273358,0,0
483568,0,0
187637,0,0
931919,0,0
377934,0,0
455834,0,0
1042441,0,0
812230,0,0
799029,0,0
906027,0,0
760133,0,0
255254,0,0
488203,0,0
768684,0,0
879450,0,0
299399,1,0
783068,0,0
781877,0,0
873404,0,0
245384,0,0
422521,0,0
998172,0,0
116917,0,0
498914,0,0
197019,0,0
431258,0,0
623156,0,0
208909,0,0
672411,0,0
487556,0,0
597120,0,0
1011984,0,0
573422,0,0
133624,0,0
474150,0,0
512428,0,0
617261,0,0
762019,0,0
311673,0,0
468250,0,0
607654,0,0
874865,0,0
217139,1,0
689925,0,0
978440,0,0
915249,0,0
348676,0,0
194294,0,0
799261,0,0
877017,0,0
443744,0,0
429744,0,0
35463,0,0
613410,0,0
585460,0,0
409206,0,0
577011,0,0
745897,0,0
260058,0,0
631718,0,0
905395,0,0
402242,0,0
101578,0,0
732025,0,0
367666,0,0
499839,0,0
632424,0,0
727324,0,0
1006286,0,0
992200,0,0
57997,0,0
612342,0,0
929342,0,0
139288,0,0
885945,0,0
876426,0,0
792824,0,0
839885,0,0
974078,0,0
911860,0,0
383590,0,0
489514,0,0
287991,0,0
580529,0,0
676066,0,0
838016,0,0
872440,0,0
554281,0,0
446640,0,0
435662,0,0
181110,0,0
813152,0,0
761634,0,0
861286,0,0
713937,1,0
627616,0,0
720564,0,0
254568,0,0
576387,0,0
595419,0,0
846859,0,0
345312,0,0
681815,0,0
947965,0,0
284173,0,0
218258,0,0
265604,0,0
112660,0,0
636170,0,0
218936,0,0
571173,0,0
903562,0,0
976038,0,0
803350,0,0
900530,0,0
800467,0,0
820966,0,0
510952,0,0
875544,0,0
711202,0,0
984547,0,0
815408,0,0
800731,0,0
580959,0,0
650188,0,0
857155,0,0
919469,0,0
704801,0,0
769017,0,0
707159,0,0
914739,0,0
367955,0,0
6864,0,0
1020997,0,0
883962,0,0
134578,0,0
19714,0,0
1024058,0,0
657238,0,0
105432,0,0
553472,0,0
142336,0,0
892642,0,0
417413,0,0
439997,1,0
991107,0,0
432956,0,0
205079,0,0
834469,0,0
866301,0,0
536482,0,0
963038,0,0
424646,0,0
186475,0,0
139499,0,0
730870,0,0
445538,0,0
546487,0,0
669238,0,0
943209,0,0
893722,0,0
1023411,0,0
346905,0,0
336915,0,0
783757,0,0
546209,0,0
812612,0,0
640704,0,0
682299,0,0
872180,0,0
412808,0,0
839619,0,0
260977,0,0
378964,0,0
202549,0,0
744324,0,0
281953,0,0
858884,0,0
315209,0,0
52458,0,0
828105,0,0
491466,0,0
135949,0,0
819019,0,0
1036021,0,0
331427,0,0
650832,0,0
441429,0,0
363320,0,0
1031834,0,0
149921,0,0
465874,0,0
231332,0,0
871015,0,0
464130,0,0
933307,0,0
1034419,0,0
554300,0,0
1000050,0,0
952487,0,0
466360,0,0
270293,0,0
982923,0,0
543509,0,0
486406,0,0
584856,0,0
225058,0,0
895597,0,0
569551,0,0
661966,0,0
834729,0,0
259505,0,0
677826,0,0
920464,0,0
711375,0,0
936341,0,0
633184,0,0
542101,0,0
529273,0,0
693010,0,0
991180,0,0
712297,0,0
873540,0,0
517422,0,0
815790,0,0
230614,0,0
207392,0,0
128602,0,0
362699,0,0
748153,0,0
272884,0,0
932420,0,0
175476,0,0
798808,0,0
791452,0,0
406744,0,0
250257,0,0
659572,0,0
956979,0,0
766224,0,0
857000,0,0
634853,0,0
488796,0,0
469222,0,0
824479,0,0
748535,0,0
280759,0,0
967069,0,0
519594,0,0
929074,0,0
385217,0,0
358723,0,0
510825,0,0
216844,0,0
165248,0,0
1035103,0,0
466114,0,0
230494,0,0
332468,0,0
774386,0,0
804387,0,0
132033,0,0
963764,0,0
843618,0,0
645553,0,0
655155,0,0
299837,0,0
615988,0,0
840578,0,0
636310,0,0
1001012,0,0
719324,0,0
551187,0,0
986398,0,0
855352,0,0
324226,0,0
95951,0,0
852410,0,0
165149,0,0
756374,0,0
613004,0,0
184347,0,0
413665,0,0
841712,0,0
406485,0,0
385749,0,0
810838,0,0
636120,0,0
856148,0,0
514485,0,0
993604,0,0
396420,0,0
645919,0,0
399357,0,0
933425,0,0
985430,0,0
430046,0,0
867869,0,0
490347,0,0
364150,0,0
964114,0,0
41402,0,0
660685,0,0
842653,0,0
267301,0,0
50056,0,0
224049,1,0
617954,0,0
156082,0,0
52430,0,0
1047436,0,0
290401,0,0
567554,0,0
987464,0,0
267854,0,0
198011,0,0
236627,0,0
337345,0,0
926035,0,0
247079,1,0
667527,0,0
794235,0,0
1023333,0,0
191263,1,0
359840,0,0
462209,0,0
1041052,0,0
451199,0,0
850233,0,0
529542,0,0
563269,0,0
313233,0,0
446298,0,0
912128,0,0
690068,0,0
378801,0,0
634840,0,0
566029,0,0
704866,0,0
972456,0,0
464468,0,0
701954,0,0
643943,0,0
381330,0,0
801202,0,0
576650,0,0
374439,1,0
483316,0,0
167573,1,0
185324,0,0
678698,0,0
743388,0,0
186100,0,0
436708,1,0
37566,0,0
600826,0,0
472858,0,0
219226,0,0
400574,0,0
676327,0,0
617626,0,0
719934,0,0
1011693,0,0
1004029,0,0
670050,0,0
446534,0,0
629647,0,0
441988,0,0
49656,0,0
841889,0,0
177112,0,0
16802,0,0
610708,0,0
425947,0,0
540676,0,0
211706,0,0
565594,0,0
604591,0,0
650620,0,0
411503,0,0
648173,0,0
777831,0,0
717501,0,0
237595,0,0
601846,0,0
548816,0,0
479437,0,0
968397,0,0
739036,0,0
131424,0,0
1045593,0,0
706526,0,0
347123,0,0
591717,0,0
1022419,0,0
1040223,0,0
487307,0,0
713281,0,0
528870,0,0
927714,0,0
221784,0,0
138758,1,0
778115,0,0
1026196,0,0
141285,0,0
217111,0,0
267863,0,0
625474,0,0
621906,0,0
322376,0,0
973206,0,0
707145,0,0
439948,0,0
665643,0,0
166018,0,0
1034670,0,0
626454,0,0
990251,0,0
165098,0,0
800398,0,0
360225,0,0
493866,0,0
942764,0,0
917917,0,0
138255,0,0
318650,0,0
740912,0,0
205666,0,0
10917,0,0
865560,0,0
342022,0,0
247238,0,0
130553,0,0
622121,0,0
280559,0,0
853915,0,0
1041333,0,0
213869,1,0
562741,0,0
314213,0,0
151961,0,0
329006,0,0
193099,0,0
375057,1,0
789297,0,0
559611,0,0
375022,0,0
347809,0,0
74796,0,0
536212,0,0
1044423,0,0
885619,0,0
863986,0,0
204228,0,0
357846,0,0
696772,0,0
466583,0,0
258385,0,0
1000292,0,0
422599,0,0
603520,0,0
249421,0,0
1037310,0,0
390518,0,0
896588,0,0
924383,0,0
898687,0,0
660505,0,0
856435,0,0
362147,1,0
682449,0,0
584314,0,0
227385,0,0
549768,0,0
639524,0,0
377979,0,0
489534,0,0
958264,0,0
522720,0,0
510334,0,0
540499,0,0
187995,0,0
548509,0,0
41403,0,0
943110,0,0
941262,0,0
105510,0,0
836393,0,0
957426,0,0
58032,0,0
101900,0,0
586929,0,0
944814,0,0
211294,0,0
818927,0,0
891415,0,0
615003,0,0
347174,0,0
439448,0,0
478239,0,0
620341,0,0
473849,0,0
635731,0,0
953843,0,0
189788,0,0
726551,0,0
172838,0,0
730657,0,0
557895,0,0
363615,0,0
827620,0,0
363742,0,0
311135,0,0
626916,0,0
468442,0,0
798757,0,0
745225,0,0
704379,0,0
371287,0,0
639143,0,0
888780,0,0
850044,0,0
11875,0,0
200922,0,0
477069,0,0
1042480,0,0
567541,0,0
486136,0,0
1023871,0,0
56307,0,0
839150,0,0
771619,0,0
544598,0,0
873866,0,0
200542,0,0
134874,0,0
250324,0,0
938159,0,0
786124,0,0
1023267,0,0
886823,0,0
474776,0,0
533608,0,0
522673,0,0
464810,0,0
959282,0,0
867763,0,0
912557,0,0
784724,0,0
665441,0,0
314790,0,0
479962,0,0
21062,0,0
752825,0,0
552783,0,0
522484,0,0
308796,0,0
277813,0,0
646076,0,0
234239,0,0
474625,0,0
408651,0,0
175076,0,0
493077,0,0
435652,0,0
938646,0,0
931220,0,0
194820,0,0
144739,0,0
163812,0,0
889599,0,0
550840,0,0
803968,0,0
593369,0,0
354179,0,0
498433,0,0
184825,0,0
1042875,0,0
834524,0,0
596731,0,0
206994,0,0
321641,0,0
273658,1,0
378543,0,0
62570,0,0
638728,0,0
908100,0,0
966573,0,0
248169,0,0
519421,0,0
219796,0,0
702460,0,0
284567,0,0
205156,0,0
776641,0,0
756820,0,0
909297,0,0
874798,0,0
730028,0,0
67244,0,0
677381,0,0
291330,0,0
976386,0,0
294392,0,0
1034347,0,0
491570,0,0
749338,0,0
660862,0,0
924214,0,0
953792,0,0
643800,0,0
602889,0,0
935551,0,0
91282,0,0
377417,0,0
547857,0,0
956104,0,0
374031,0,0
342870,1,0
87362,0,0
1028532,0,0
156632,0,0
78157,0,0
469652,0,0
956306,0,0
355817,1,0
1021278,0,0
159844,0,0
295101,0,0
223122,0,0
360343,0,0
205112,0,0
381200,0,0
235663,0,0
602235,0,0
642018,0,0
1042535,0,0
559068,0,0
706654,0,0
333371,1,0
587486,0,0
715846,0,0
212532,0,0
922938,0,0
186298,0,0
755036,0,0
270689,0,0
88901,0,0
556097,0,0
438512,0,0
481881,0,0
542223,0,0
698765,0,0
879967,0,0
1014416,0,0
1014717,0,0
1007465,0,0
583323,0,0
518903,0,0
584242,0,0
156421,0,0
835134,0,0
293474,0,0
208761,0,0
999359,0,0
21069,0,0
953226,0,0
619903,0,0
744646,0,0
13256,0,0
493544,0,0
845022,0,0
164363,1,0
561075,0,0
944505,0,0
745061,0,0
212964,0,0
350443,0,0
1027887,0,0
167968,0,0
432977,0,0
620646,0,0
338124,1,0
480301,0,0
267604,0,0
997068,0,0
456132,0,0
134840,0,0
661886,0,0
539885,0,0
825763,0,0
868519,0,0
189413,0,0
900564,0,0
982660,0,0
540196,0,0
1026885,0,0
194226,0,0
205239,0,0
604515,0,0
809783,0,0
776369,0,0
650428,0,0
900805,0,0
508049,0,0
817089,0,0
405208,0,0
298220,0,0
577024,0,0
820545,0,0
205867,0,0
587470,0,0
891797,0,0
480201,0,0
172615,0,0
681255,0,0
654535,0,0
278278,0,0
938808,0,0
409304,0,0
141472,0,0
480056,0,0
356127,0,0
378852,0,0
58942,0,0
977862,0,0
587675,0,0
297159,0,0
394294,0,0
300924,0,0
574380,0,0
141169,0,0
683689,0,0
858065,0,0
364289,0,0
475526,0,0
541472,0,0
147122,0,0
243161,0,0
940790,0,0
408226,1,0
253331,0,0
205297,0,0
816958,0,0
882800,0,0
70139,0,0
376525,0,0
116192,0,0
471582,0,0
428911,0,0
368989,0,0
352744,0,0
166606,1,0
160143,0,0
253103,0,0
297783,0,0
377977,0,0
597859,0,0
662589,0,0
575192,0,0
86832,0,0
925921,0,0
302781,1,0
280340,0,0
254468,1,0
99697,0,0
140885,1,0
1025321,0,0
836412,0,0
562274,0,0
520197,0,0
534671,0,0
68532,0,0
819103,0,0
877822,0,0
258572,0,0
146403,1,0
85298,0,0
242734,1,0
878565,0,0
804356,0,0
905822,0,0
382408,0,0
544067,0,0
756385,0,0
614161,0,0
567179,0,0
589915,0,0
923156,0,0
411243,0,0
43032,0,0
938130,0,0
203861,0,0
526190,0,0
343153,0,0
401767,0,0
181930,0,0
899010,0,0
963650,0,0
1020975,0,0
488579,0,0
396614,0,0
535046,0,0
780855,0,0
572945,0,0
320084,0,0
519504,0,0
129066,0,0
1015908,0,0
911138,0,0
629499,0,0
563859,0,0
235461,0,0
542460,0,0
186172,0,0
60189,0,0
611811,0,0
954013,0,0
147621,0,0
245988,0,0
467135,0,0
695152,0,0
530667,0,0
856318,0,0
735952,0,0
759893,0,0
642967,0,0
531403,0,0
163554,1,0
881735,0,0
517532,0,0
594534,0,0
659604,0,0
158519,0,0
549154,0,0
168594,0,0
229300,0,0
639198,0,0
449852,0,0
313132,1,0
569905,0,0
1045996,0,0
324980,0,0
473714,0,0
760055,0,0
73646,0,0
770982,0,0
490229,0,0
995919,0,0
657761,0,0
601966,0,0
194677,0,0
907980,0,0
951341,0,0
818467,0,0
670742,0,0
358187,0,0
643304,0,0
693700,0,0
741273,0,0
977686,0,0
398401,0,0
808386,0,0
417686,0,0
277470,1,0
595619,0,0
833732,0,0
901572,0,0
692049,0,0
980285,0,0
675536,0,0
293536,0,0
652608,0,0
935363,0,0
809018,0,0
268931,0,0
476759,0,0
1032918,0,0
53109,0,0
430634,0,0
429912,0,0
921915,0,0
255998,0,0
300070,0,0
328187,0,0
983695,0,0
964622,0,0
423619,0,0
676643,0,0
294412,0,0
239526,1,0
285009,1,0
245140,0,0
141662,0,0
858892,0,0
383614,0,0
279894,0,0
470969,0,0
713741,0,0
628436,0,0
513150,0,0
819560,0,0
706694,0,0
1040547,0,0
841627,0,0
8254,0,0
449627,0,0
373131,0,0
582578,0,0
356527,1,0
490150,0,0
44932,0,0
685007,0,0
344176,0,0
537801,0,0
795262,0,0
761553,0,0
248288,0,0
618858,0,0
487501,0,0
912455,0,0
749859,0,0
602721,0,0
377264,0,0
146449,1,0
470684,0,0
285004,0,0
452237,0,0
369324,0,0
730499,0,0
994264,0,0
620560,0,0
837730,0,0
780082,0,0
891164,0,0
754178,0,0
754741,0,0
252603,0,0
717956,0,0
151434,0,0
20976,0,0
854717,0,0
357523,1,0
918694,0,0
425753,0,0
516863,0,0
779268,0,0
148411,0,0
1027443,0,0
641985,0,0
384217,0,0
167521,1,0
670195,0,0
970763,0,0
785017,0,0
76987,0,0
863485,0,0
169117,0,0
1024696,0,0
883413,0,0
715756,0,0
947190,0,0
662660,0,0
368883,0,0
208401,0,0
307334,0,0
318440,0,0
367990,0,0
489339,0,0
1019843,0,0
443046,0,0
121217,0,0
592117,0,0
462912,0,0
829883,0,0
645418,0,0
930801,0,0
194804,0,0
884826,0,0
667467,0,0
295385,0,0
499116,0,0
248960,0,0
746096,0,0
730442,0,0
848061,0,0
35089,0,0
696739,0,0
930394,0,0
606891,0,0
545012,0,0
404474,0,0
168399,0,0
373433,0,0
201985,1,0
12077,0,0
131745,0,0
626870,0,0
192230,0,0
820848,0,0
989877,0,0
576555,0,0
603542,0,0
608456,0,0
425338,0,0
184710,0,0
787085,0,0
654146,0,0
740357,0,0
173791,0,0
481978,0,0
1035940,0,0
40390,0,0
521282,0,0
697655,0,0
1035224,0,0
766829,0,0
996446,0,0
560300,0,0
701525,0,0
353417,0,0
727038,0,0
329532,1,0
774429,0,0
697650,0,0
831941,0,0
589953,0,0
530400,0,0
613568,0,0
152459,0,0
335742,0,0
268723,0,0
947042,0,0
897551,0,0
495724,0,0
207847,0,0
567644,0,0
158836,0,0
119656,0,0
701675,0,0
745276,0,0
259967,0,0
863756,0,0
609290,0,0
604451,0,0
137103,0,0
730380,0,0
1013519,0,0
837614,0,0
188503,1,0
272931,0,0
908273,0,0
538244,0,0
872215,0,0
633840,0,0
421258,0,0
709534,0,0
712277,0,0
708597,0,0
502767,0,0
851773,0,0
959046,0,0
901159,0,0
690748,0,0
215751,0,0
147829,0,0
997047,0,0
843573,0,0
908127,0,0
1025773,1,0
511125,0,0
343159,0,0
649160,0,0
796350,0,0
784199,0,0
390546,0,0
761994,0,0
8316,0,0
620211,0,0
581645,0,0
420955,0,0
800224,0,0
923900,0,0
181219,0,0
418237,0,0
505991,0,0
397203,0,0
180804,0,0
177037,0,0
560147,0,0
906540,0,0
277592,0,0
506192,0,0
121326,0,0
512863,0,0
35084,0,0
709427,0,0
712424,0,0
823736,0,0
573377,0,0
503736,0,0
239051,0,0
700096,0,0
353628,0,0
944312,0,0
901457,0,0
744251,0,0
591361,0,0
209889,1,0
569612,0,0
814427,0,0
722815,0,0
9131,0,0
603663,0,0
133857,0,0
110219,0,0
718377,0,0
511931,0,0
747600,0,0
492142,0,0
196179,0,0
577749,0,0
532844,0,0
969029,0,0
386546,0,0
285305,0,0
334281,1,0
31489,0,0
885210,0,0
313138,1,0
922376,0,0
784066,0,0
604927,0,0
320356,1,0
11849,0,0
863724,0,0
1009132,0,0
154206,0,0
722046,0,0
921151,0,0
290865,0,0
871892,0,0
984908,0,0
1012245,0,0
526261,0,0
542332,0,0
964657,0,0
883810,0,0
371312,0,0
618999,0,0
945694,0,0
359081,0,0
488409,0,0
477026,0,0
953264,0,0
639216,0,0
227683,0,0
386205,1,0
158576,0,0
464116,0,0
134648,0,0
488163,0,0
136306,0,0
995724,0,0
584172,0,0
372204,0,0
215936,0,0
578435,0,0
446068,0,0
222159,0,0
864150,0,0
912084,0,0
401719,0,0
295402,0,0
458276,0,0
527610,0,0
598825,0,0
312335,0,0
728812,0,0
8761,0,0
156539,0,0
129771,0,0
192017,0,0
306316,0,0
871401,0,0
1331,0,0
212254,0,0
28305,0,0
6664,0,0
994743,0,0
841450,0,0
185636,0,0
381649,0,0
829706,0,0
143628,0,0
701111,0,0
1002018,0,0
231581,0,0
641427,0,0
360901,1,0
734182,0,0
329087,0,0
809746,0,0
684445,0,0
93220,0,0
610153,0,0
838947,0,0
978725,0,0
988572,0,0
857857,0,0
64101,0,0
258369,0,0
125830,0,0
998079,0,0
573437,0,0
973047,0,0
322141,0,0
1024957,0,0
1010201,0,0
951176,0,0
677058,0,0
1014359,0,0
552098,0,0
810858,0,0
116654,0,0
818819,0,0
965148,0,0
329553,0,0
471925,0,0
947215,0,0
212800,0,0
194240,1,0
101275,0,0
1005394,0,0
55716,0,0
131121,1,0
935198,0,0
172585,0,0
461209,0,0
219856,0,0
597006,0,0
634286,0,0
266093,1,0
168677,0,0
601258,0,0
325904,0,0
362003,0,0
764783,0,0
371732,0,0
337679,0,0
694715,0,0
935184,0,0
609458,0,0
294532,0,0
252201,0,0
298116,0,0
406936,0,0
801642,0,0
856453,0,0
676804,0,0
610008,0,0
968711,0,0
265926,0,0
736199,0,0
128738,0,0
511246,0,0
1013158,0,0
182517,0,0
771062,0,0
349947,0,0
678853,0,0
768982,0,0
1042655,0,0
145599,0,0
113379,0,0
305690,0,0
757765,0,0
164811,0,0
222617,0,0
962910,0,0
495882,0,0
8812,0,0
144911,0,0
967023,0,0
642100,0,0
584785,0,0
1020338,0,0
483540,0,0
628063,0,0
660325,0,0
983747,0,0
799641,0,0
431426,0,0
1018905,0,0
465149,0,0
596379,0,0
421414,0,0
280655,0,0
936209,0,0
907392,0,0
260075,0,0
986500,0,0
458043,0,0
838508,0,0
365474,0,0
324540,0,0
1032684,0,0
535613,0,0
940119,0,0
827265,0,0
450921,0,0
731019,0,0
417668,1,0
247196,0,0
626632,0,0
600188,0,0
710815,0,0
306013,0,0
224651,0,0
620618,0,0
519372,0,0
540149,0,0
834074,0,0
403996,0,0
314724,0,0
34173,0,0
985341,0,0
411606,0,0
794678,0,0
287186,0,0
136360,0,0
702884,0,0
58871,0,0
82405,0,0
994138,0,0
838036,0,0
686258,0,0
737078,0,0
444154,0,0
338348,0,0
857822,0,0
848879,0,0
320584,0,0
454751,0,0
669132,0,0
289739,0,0
412095,0,0
204907,0,0
419621,0,0
1007459,0,0
318521,0,0
685876,0,0
997324,0,0
875601,0,0
344564,0,0
1034307,0,0
946227,0,0
814129,0,0
5934,0,0
620938,0,0
466891,0,0
991668,0,0
671462,0,0
609778,0,0
290532,0,0
150792,1,0
982068,0,0
508001,0,0
284782,0,0
802311,0,0
561211,0,0
567175,0,0
1028350,0,0
314468,1,0
41121,0,0
482570,0,0
288972,0,0
763977,0,0
797041,0,0
494063,0,0
790726,0,0
228384,0,0
451608,0,0
135862,0,0
938455,0,0
29608,0,0
231092,1,0
63843,0,0
527660,0,0
952474,0,0
1043240,0,0
524096,0,0
874721,0,0
168840,0,0
527311,0,0
957165,0,0
932283,0,0
506081,0,0
545139,0,0
433068,0,0
271656,0,0
814981,0,0
726696,0,0
411088,0,0
560678,0,0
691764,0,0
1023608,0,0
194723,0,0
961829,0,0
768417,0,0
323446,0,0
219542,0,0
890102,0,0
582891,0,0
892095,0,0
74608,0,0
132601,0,0
1024838,0,0
479313,0,0
478191,0,0
776174,0,0
567860,0,0
185783,0,0
353145,0,0
946662,0,0
87591,0,0
880666,0,0
160504,0,0
508192,0,0
136744,0,0
953837,0,0
887327,0,0
578091,0,0
678110,0,0
816199,0,0
6405,0,0
1025884,0,0
201726,0,0
775241,0,0
987016,0,0
908532,0,0
949234,0,0
813569,0,0
296419,0,0
250928,0,0
650043,0,0
994876,0,0
553870,0,0
492407,0,0
735708,0,0
855603,0,0
142753,0,0
1038124,0,0
443448,1,0
3172,0,0
290374,0,0
307529,1,0
792815,0,0
949361,0,0
214656,0,0
149220,0,0
161113,1,0
420020,1,0
709581,0,0
624776,0,0
962863,0,0
692410,0,0
913072,0,0
145468,0,0
343881,0,0
1006021,0,0
526274,0,0
953749,0,0
462621,0,0
603017,0,0
355696,0,0
827273,0,0
210240,0,0
418309,0,0
742963,0,0
797398,0,0
348995,0,0
21660,0,0
957326,0,0
980590,0,0
314562,1,0
422453,0,0
582929,0,0
222425,0,0
866757,0,0
951510,0,0
758831,0,0
613229,0,0
589791,0,0
166597,0,0
410877,0,0
468056,0,0
367744,1,0
64980,0,0
906735,0,0
401804,0,0
826318,0,0
608778,0,0
400525,0,0
428309,0,0
205916,0,0
165286,0,0
711816,0,0
19905,0,0
156118,0,0
280018,1,0
298411,1,0
920544,0,0
718353,0,0
260269,0,0
603242,0,0
1041802,0,0
805179,0,0
144475,0,0
577812,0,0
612109,0,0
880467,0,0
121951,0,0
656452,0,0
945124,0,0
236554,0,0
405162,0,0
319926,0,0
284241,0,0
128778,0,0
860462,0,0
222288,0,0
829139,0,0
54208,0,0
607721,0,0
134268,0,0
899921,0,0
1047337,0,0
970935,0,0
552367,0,0
641815,0,0
180866,0,0
922626,0,0
700770,0,0
169623,0,0
26903,0,0
721878,0,0
139788,0,0
485650,0,0
830115,0,0
566662,0,0
548596,0,0
693248,0,0
762033,0,0
533744,0,0
770685,0,0
570261,0,0
561106,0,0
804944,0,0
309236,0,0
757591,0,0
625021,0,0
158655,0,0
1014255,0,0
501096,0,0
689834,0,0
728194,0,0
281214,0,0
405326,0,0
678115,0,0
185414,0,0
757945,0,0
191053,0,0
1036438,0,0
878912,0,0
1015578,0,0
364401,0,0
646207,0,0
482545,0,0
277007,0,0
643480,0,0
355040,0,0
769052,0,0
556736,0,0
251542,0,0
973958,0,0
809861,0,0
58369,0,0
86032,0,0
380998,0,0
411081,0,0
251404,0,0
271772,0,0
853239,0,0
272980,0,0
553112,0,0
552569,0,0
541827,0,0
76602,0,0
546040,0,0
347877,0,0
645843,0,0
17018,0,0
682316,0,0
836755,0,0
87029,0,0
554933,0,0
894018,0,0
260572,0,0
889207,0,0
63995,0,0
164742,0,0
354300,0,0
813809,0,0
194394,0,0
736570,0,0
353450,0,0
229377,0,0
491863,0,0
781860,0,0
813951,0,0
266462,0,0
675371,0,0
528462,0,0
565787,0,0
446399,0,0
29334,0,0
444062,0,0
909401,0,0
955831,0,0
992948,0,0
100295,0,0
221879,0,0
947805,0,0
908483,0,0
715009,0,0
1038397,0,0
354092,0,0
791032,0,0
393844,0,0
279240,1,0
1003178,1,0
354754,0,0
1017602,0,0
320524,0,0
607422,0,0
162243,0,0
358574,0,0
957416,0,0
968063,0,0
573445,0,0
540399,0,0
660817,0,0
476141,0,0
730082,0,0
258161,1,0
759309,0,0
853445,0,0
569338,0,0
398879,1,0
11569,0,0
583515,0,0
689100,0,0
144785,0,0
624639,0,0
702436,0,0
856136,0,0
1011586,0,0
1031192,0,0
554203,0,0
388494,0,0
696921,0,0
975102,0,0
711739,0,0
325944,0,0
977382,0,0
691954,0,0
842895,0,0
988033,0,0
597519,0,0
215670,0,0
190689,0,0
60864,0,0
789291,0,0
690951,0,0
862539,0,0
570512,0,0
379122,0,0
916024,0,0
583801,0,0
51828,0,0
974479,0,0
802065,0,0
836028,0,0
573212,0,0
756971,1,0
349511,0,0
1027180,0,0
1009694,0,0
952024,0,0
708062,0,0
329492,0,0
230638,0,0
304929,0,0
473100,0,0
692710,0,0
219708,0,0
202270,0,0
915078,0,0
581437,0,0
360488,0,0
391906,0,0
629531,0,0
139701,0,0
32296,0,0
636830,0,0
882005,0,0
169217,0,0
718054,0,0
240193,0,0
436829,0,0
188664,0,0
706367,0,0
788235,0,0
428736,0,0
947010,0,0
142135,1,0
200961,0,0
1022348,0,0
222340,0,0
142708,0,0
452167,0,0
482705,0,0
343542,0,0
898799,0,0
260300,0,0
791898,0,0
863942,0,0
341084,0,0
805908,0,0
495905,0,0
713595,0,0
310115,0,0
981727,0,0
604571,0,0
662623,0,0
293588,0,0
915203,0,0
347654,0,0
90776,0,0
117927,0,0
192902,0,0
360390,0,0
648756,0,0
435897,0,0
732293,0,0
892032,0,0
541956,0,0
440903,0,0
818391,0,0
793757,0,0
835738,0,0
446514,0,0
670683,0,0
969309,0,0
281780,0,0
833601,0,0
762915,0,0
220208,0,0
127496,0,0
5652,0,0
901240,0,0
162526,0,0
981986,0,0
951686,0,0
603360,0,0
27620,0,0
355736,1,0
321046,0,0
848816,0,0
148473,0,0
435929,0,0
731859,0,0
1010977,0,0
242029,0,0
492038,0,0
702382,0,0
357791,0,0
395387,0,0
222702,0,0
706588,0,0
601802,0,0
900731,0,0
709730,0,0
862117,0,0
205876,0,0
351670,0,0
865949,0,0
381283,0,0
743423,0,0
141050,0,0
622378,0,0
858385,0,0
873884,0,0
474320,0,0
734338,0,0
28715,0,0
921574,0,0
52542,0,0
409765,0,0
34975,0,0
697305,0,0
268571,0,0
31803,0,0
194845,0,0
207418,0,0
941329,0,0
746935,0,0
367095,0,0
389038,0,0
832050,0,0
832438,0,0
451650,0,0
513593,0,0
134838,0,0
295116,0,0
295243,0,0
789113,0,0
938152,0,0
17400,0,0
958386,0,0
515176,0,0
398389,0,0
771969,0,0
315595,0,0
725283,0,0
774162,0,0
274316,0,0
55609,0,0
89229,0,0
982749,0,0
755470,0,0
907207,0,0
313484,0,0
963097,0,0
943704,0,0
646929,0,0
150781,0,0
793843,0,0
280851,1,0
13440,0,0
624536,0,0
760226,0,0
444595,0,0
613993,0,0
625439,0,0
276971,0,0
902560,0,0
610453,0,0
286192,0,0
161770,0,0
877498,0,0
634645,0,0
900848,0,0
232411,1,0
126536,0,0
375201,0,0
654152,0,0
498498,0,0
308793,1,0
131334,0,0
839867,0,0
227419,0,0
554582,0,0
869312,0,0
366076,1,0
872505,0,0
1460,0,0
129229,1,0
167456,1,0
981113,0,0
208524,1,0
522030,0,0
834432,0,0
565078,0,0
869454,0,0
733890,0,0
703080,0,0
953008,0,0
751841,0,0
848960,0,0
534343,0,0
349113,0,0
867591,0,0
943482,0,0
752359,0,0
404399,0,0
820796,0,0
365269,0,0
728845,0,0
931584,0,0
987703,0,0
912798,0,0
1042934,0,0
369091,0,0
658859,0,0
714673,0,0
540109,0,0
685058,0,0
1002509,0,0
453381,0,0
966816,0,0
120087,0,0
609667,0,0
883973,0,0
567545,0,0
355342,0,0
687651,0,0
928855,0,0
270506,1,0
114475,0,0
1033038,0,0
802462,0,0
741642,0,0
275525,0,0
271490,1,0
1004921,0,0
634671,0,0
513416,0,0
797016,0,0
617444,0,0
1015499,0,0
229963,0,0
660779,0,0
741044,0,0
316674,0,0
136305,0,0
773304,0,0
778584,0,0
201319,0,0
267842,0,0
273308,0,0
431268,0,0
756812,0,0
774490,0,0
181761,1,0
554641,0,0
344700,1,0
678467,0,0
571413,0,0
420717,0,0
757693,0,0
645397,0,0
169212,0,0
289205,0,0
689265,0,0
280031,0,0
805807,0,0
583057,0,0
1019546,0,0
957179,0,0
999889,0,0
716622,0,0
694875,0,0
993000,1,0
869909,0,0
279939,0,0
734550,0,0
504980,0,0
382072,0,0
758767,0,0
786880,0,0
300075,0,0
513854,0,0
394167,1,0
752266,0,0
547632,0,0
821805,0,0
587498,0,0
166371,0,0
671639,0,0
395275,0,0
721527,0,0
27966,0,0
929387,0,0
286887,0,0
285946,0,0
907626,0,0
542812,0,0
177653,0,0
622372,0,0
627730,0,0
217784,0,0
951551,0,0
822077,0,0
252919,0,0
38234,0,0
708223,0,0
163474,0,0
886532,0,0
856324,0,0
572060,0,0
1028621,0,0
621593,0,0
1010538,0,0
87410,0,0
224724,0,0
312371,0,0
111190,0,0
246126,0,0
624518,0,0
309946,0,0
795490,0,0
615948,0,0
174111,0,0
817787,0,0
359739,0,0
174826,0,0
188550,0,0
270361,1,0
1032920,0,0
612083,0,0
508074,0,0
898041,0,0
794405,0,0
784369,0,0
511640,0,0
781275,0,0
380621,1,0
330813,0,0
738510,0,0
786223,0,0
985586,0,0
697346,0,0
564415,0,0
794147,0,0
746996,0,0
416435,0,0
704104,0,0
832096,0,0
757853,0,0
874904,0,0
1019139,0,0
303945,0,0
761520,0,0
382296,0,0
874478,0,0
135607,0,0
407390,0,0
787576,0,0
270234,0,0
385658,0,0
809965,0,0
923390,0,0
956332,0,0
488692,0,0
131212,0,0
774371,0,0
350773,0,0
246885,0,0
6668,0,0
362093,1,0
1004261,0,0
876980,0,0
181959,0,0
667002,0,0
841660,0,0
307241,0,0
701700,0,0
292989,1,0
242248,0,0
734682,0,0
286381,0,0
1033023,0,0
959456,0,0
786429,0,0
867482,0,0
161008,0,0
905259,0,0
433303,0,0
207622,0,0
706710,0,0
185652,1,0
451646,0,0
638428,0,0
662297,0,0
336551,0,0
272545,0,0
107388,0,0
144484,0,0
908907,0,0
1032163,0,0
785799,0,0
549503,0,0
423478,0,0
1023699,0,0
709358,0,0
330769,0,0
878479,0,0
760178,0,0
559604,0,0
26264,0,0
726923,0,0
288522,0,0
353070,0,0
917054,0,0
130002,0,0
894502,0,0
223748,0,0
362844,1,0
120200,0,0
819115,0,0
398840,0,0
722211,0,0
466052,0,0
715667,0,0
29780,0,0
956003,0,0
978326,0,0
140075,0,0
744123,0,0
1019334,0,0
758560,0,0
558185,0,0
799879,0,0
871896,0,0
272336,0,0
305231,0,0
203256,0,0
1022013,0,0
730933,0,0
65209,0,0
303851,0,0
606760,0,0
812633,0,0
791049,0,0
568862,0,0
407562,0,0
627337,0,0
495610,0,0
990751,0,0
821085,0,0
409813,0,0
726833,0,0
702868,0,0
44400,0,0
236298,0,0
265691,0,0
563630,0,0
716486,0,0
292155,0,0
915935,0,0
4622,0,0
386620,0,0
953709,0,0
398177,0,0
604450,0,0
524106,0,0
789906,0,0
165303,1,0
14331,0,0
228228,1,0
380863,0,0
151530,0,0
641430,0,0
561960,0,0
416573,1,0
727950,0,0
401392,0,0
519970,0,0
546058,0,0
147244,0,0
968164,0,0
279405,0,0
619487,0,0
141131,0,0
881805,0,0
102370,0,0
872991,0,0
61832,0,0
933717,0,0
583484,0,0
823089,0,0
76035,0,0
774198,0,0
750025,0,0
997366,0,0
319034,0,0
893514,0,0
660405,0,0
158873,0,0
767894,0,0
54678,0,0
745549,0,0
943502,0,0
875327,0,0
401713,0,0
458309,0,0
598043,0,0
984105,1,0
428634,0,0
599215,0,0
331350,1,0
293700,0,0
173897,0,0
977799,0,0
878074,0,0
395525,0,0
423178,0,0
1005959,0,0
992912,0,0
146881,0,0
615971,0,0
1024513,0,0
775546,0,0
737260,0,0
619074,0,0
145990,0,0
1047357,0,0
229811,0,0
241439,0,0
861899,0,0
18130,0,0
363027,0,0
1020999,0,0
201273,0,0
323566,0,0
328729,0,0
308040,0,0
943170,0,0
321376,0,0
914535,0,0
285262,0,0
712274,0,0
947495,0,0
1030311,0,0
56958,0,0
735850,0,0
585340,0,0
561123,0,0
582463,0,0
947604,0,0
533156,0,0
200622,0,0
1018152,0,0
623854,0,0
591448,0,0
926780,0,0
726752,0,0
242969,0,0
157995,0,0
247979,0,0
714588,0,0
680518,0,0
891159,0,0
210089,0,0
242325,0,0
692124,0,0
368899,0,0
685543,0,0
811413,0,0
462051,0,0
393154,0,0
846935,0,0
851071,0,0
497968,0,0
671674,0,0
750438,0,0
10851,0,0
235808,0,0
129929,0,0
180494,1,0
818469,0,0
979705,0,0
515852,0,0
993445,1,0
297370,0,0
239803,0,0
62262,0,0
664859,0,0
882647,0,0
870945,0,0
405409,1,0
767396,0,0
589984,0,0
731047,0,0
733970,0,0
382099,1,0
541256,0,0
817770,0,0
509484,0,0
569188,0,0
821864,0,0
168528,0,0
546060,1,0
70266,0,0
878925,0,0
418363,0,0
164245,0,0
389633,0,0
123372,0,0
947758,0,0
320833,0,0
818162,0,0
934140,0,0
439719,1,0
279445,0,0
164776,0,0
932795,0,0
970916,0,0
943357,0,0
547247,0,0
750578,0,0
809878,0,0
887210,0,0
972187,0,0
641603,0,0
917941,0,0
564242,0,0
157114,0,0
455107,0,0
815474,0,0
214192,0,0
448472,0,0
1028301,0,0
413573,0,0
392597,0,0
748627,0,0
209962,0,0
280765,0,0
1030861,0,0
260409,1,0
355680,1,0
860576,0,0
519122,0,0
1003247,0,0
593695,0,0
714523,0,0
382181,0,0
850535,0,0
227427,0,0
28650,0,0
243266,0,0
844888,0,0
1024335,0,0
925105,0,0
852335,0,0
390893,0,0
425847,0,0
1036275,0,0
745926,0,0
633736,0,0
782115,0,0
520296,0,0
907190,0,0
881224,0,0
883173,0,0
451491,0,0
303479,0,0
143715,0,0
575274,0,0
62507,0,0
851244,0,0
848756,0,0
387323,0,0
384421,0,0
379567,0,0
227878,0,0
575417,0,0
266979,0,0
571427,0,0
218423,0,0
470838,0,0
266184,0,0
253281,0,0
732269,0,0
730901,0,0
578244,0,0
136794,1,0
461310,0,0
938193,0,0
202575,0,0
644134,0,0
221654,1,0
450692,0,0
296171,0,0
905274,0,0
391654,1,0
851694,0,0
536566,0,0
55380,0,0
444648,0,0
915381,0,0
260099,0,0
597758,0,0
151971,1,0
535462,0,0
1031737,0,0
680502,0,0
152769,0,0
974912,0,0
101198,0,0
302386,0,0
999399,1,0
414461,0,0
752535,0,0
922598,0,0
925324,0,0
515764,0,0
773868,0,0
352169,0,0
603193,0,0
248070,0,0
459412,0,0
361496,0,0
904315,0,0
9761,0,0
333171,0,0
750296,0,0
608333,0,0
641818,0,0
755662,0,0
284810,0,0
564621,0,0
637452,0,0
88351,0,0
730592,0,0
473575,0,0
283302,1,0
951627,0,0
475225,0,0
811095,0,0
58964,0,0
432876,0,0
739909,0,0
143924,0,0
58642,0,0
697806,0,0
482963,0,0
476102,0,0
581217,0,0
500128,0,0
152654,0,0
918828,0,0
163410,0,0
287238,0,0
764605,0,0
706722,0,0
576096,0,0
151525,1,0
668468,0,0
922072,0,0
370094,0,0
562704,0,0
940572,0,0
877794,0,0
504603,0,0
555229,0,0
577013,0,0
335487,0,0
577595,0,0
445374,0,0
177169,0,0
518905,0,0
297883,0,0
697543,0,0
56879,0,0
870991,0,0
497593,0,0
94105,0,0
613687,0,0
366987,0,0
171931,0,0
127458,0,0
563743,0,0
748747,0,0
67890,0,0
577811,0,0
758566,0,0
387570,0,0
984340,0,0
336144,0,0
924635,0,0
179991,0,0
669349,0,0
514998,0,0
257833,0,0
368209,0,0
515862,0,0
265958,0,0
361223,0,0
576771,0,0
284142,0,0
613825,0,0
648538,0,0
652833,0,0
146568,0,0
720786,0,0
931953,0,0
189786,1,0
649572,0,0
1026227,0,0
