id,error_count
1287937,4
1325382,23
1342694,0
1293184,11
1354667,0
1127783,3
1194032,0
1246770,22
1330026,1
1201223,0
1109857,0
1357622,1
1203004,0
1374420,1
1158764,0
1377954,0
1212850,10
1307723,0
1316412,0
1390034,0
1329324,1
1145302,0
1282936,0
1396224,0
1280842,0
1084644,3
1361744,0
1328048,2
1411814,1
1122591,13
1262768,6
1128961,0
1069281,0
1233920,3
1159746,6
1407161,0
1072112,3
1215854,0
1234889,0
1346509,3
1387505,0
1062417,0
1298982,26
1408509,0
1114448,12
1135727,1
1131505,4
1209011,1
1205639,0
1308396,5
1245902,14
1195675,9
1184353,1
1375086,0
1213679,1
1151257,4
1093421,5
1051617,0
1173775,4
1125476,2
1300776,8
1174287,0
1294319,1
1395210,4
1216788,0
1307329,1
1160473,3
1065703,0
1200004,28
1250737,1
1159062,0
1355142,0
1137743,1
1181305,2
1190385,1
1203102,0
1269624,1
1114904,2
1107554,3
1150194,2
1163931,5
1146917,2
1093366,9
1182236,4
1382912,0
1114216,0
1062325,0
1346825,0
1172484,6
1317980,0
1364609,0
1113742,0
1143823,0
1323889,0
1089949,0
1194096,0
1145737,7
1097691,2
1123690,0
1363917,0
1239823,2
1188071,0
1372370,0
1217878,5
1117051,10
1367032,0
1051378,0
1274737,0
1334039,0
1316782,7
1140992,0
1249433,3
1379652,1
1095149,0
1091754,2
1091499,2
1182971,0
1151886,0
1166814,9
1368947,0
1381075,0
1054793,0
1147590,12
1406999,0
1397079,0
1305124,0
1288467,1
1394995,0
1122147,2
1225145,1
1361367,0
1174158,3
1373836,0
1061701,3
1343664,0
1245959,0
1271569,0
1161825,5
1122432,1
1124730,1
1328994,2
1226359,9
1242357,10
1319301,0
1394540,0
1175641,0
1059491,0
1056636,0
1091832,0
1330511,1
1314361,4
1096094,0
1118696,3
1150856,4
1141159,1
1100906,1
1177208,1
1209556,2
1056879,0
1215938,0
1080526,0
1072657,0
1326114,0
1209086,3
1216439,0
1394258,2
1141381,4
1157609,1
1254560,7
1103130,2
1050117,1
1173862,6
1115967,1
1268714,0
1180072,0
1164542,0
1366444,0
1294586,1
1178781,3
1215171,0
1108206,0
1394961,0
1374835,0
1072085,0
1409228,0
1137625,4
1292658,2
1375160,1
1179269,0
1346969,0
1201629,28
1313250,2
1065626,2
1103210,0
1111418,0
1345376,0
1162540,2
1336866,1
1156603,18
1159254,0
1382256,1
1058808,9
1064761,0
1054433,1
1308866,0
1097824,3
1353235,0
1370486,1
1277872,0
1091867,0
1282510,2
1131204,11
1202494,0
1147278,0
1131211,1
1269902,0
1292861,2
1200211,1
1092461,2
1176421,1
1079354,0
1068290,0
1187143,4
1054315,0
1139935,3
1094876,2
1305003,0
1075632,0
1206132,3
1144214,0
1332426,0
1057168,6
1319059,11
1137906,1
1411608,0
1243907,0
1360912,0
1348100,0
1051917,0
1235403,1
1363095,0
1324706,0
1183372,8
1283162,0
1065079,0
1219836,5
1187036,1
1159928,0
1266975,4
1366547,0
1141983,0
1229189,2
1389638,0
1272312,2
1091705,1
1184003,0
1066688,1
1191305,3
1370500,0
1303320,0
1385889,2
1055666,0
1224443,4
1050246,0
1357090,0
1268840,7
1119584,9
1110684,2
1215753,0
1131706,0
1318571,0
1277836,28
1376555,0
1394245,1
1143004,0
1106657,1
1086568,0
1316299,8
1266811,1
1366183,0
1230434,0
1112658,0
1232464,3
1195249,0
1095620,0
1163777,22
1053063,0
1305907,0
1401385,0
1169142,3
1298112,0
1276099,1
1118966,0
1324735,2
1245414,0
1096547,3
1187661,0
1234761,0
1243771,0
1225156,2
1133202,1
1401245,0
1272367,1
1404166,1
1111597,0
1066676,2
1156569,0
1331469,0
1243290,7
1408425,0
1100951,0
1325325,3
1241262,0
1318897,0
1103013,0
1370462,0
1230774,0
1388569,0
1131853,4
1126677,0
1098132,3
1232943,0
1285144,0
1300154,9
1182291,0
1328053,0
1168682,1
1402448,2
1328636,1
1335157,13
1229062,0
1078370,0
1355087,0
1089385,0
1335729,0
1146058,4
1227323,1
1220668,4
1310566,0
1120767,1
1234169,3
1331816,0
1389414,0
1346172,0
1131398,12
1099253,1
1360241,0
1374597,0
1104163,0
1119542,0
1307794,3
1418433,0
1245434,2
1386864,0
1117982,1
1254245,1
1274659,1
1187890,0
1092435,5
1211647,9
1310712,2
1085043,2
1364278,1
1247687,6
1179715,0
1111871,4
1116570,4
1381612,0
1232518,0
1080373,2
1064345,0
1199101,0
1136121,2
1119317,2
1341841,0
1159432,0
1333154,2
1085236,0
1192174,0
1372244,0
1227811,1
1110713,0
1177825,12
1137675,0
1133102,1
1352955,0
1366233,1
1398331,0
1151073,0
1175914,0
1392256,0
1242514,0
1351124,0
1332547,3
1195300,6
1053428,0
1276861,4
1260040,7
1266281,2
1344139,1
1411661,1
1305642,0
1344681,0
1185618,33
1410124,1
1328049,2
1348636,0
1162641,0
1186726,10
1256342,2
1207824,3
1281369,12
1302829,1
1397060,1
1118842,1
1379699,1
1103065,0
1276119,55
1318529,2
1412057,1
1083321,5
1301481,0
1172749,2
1183739,1
1225653,0
1417916,0
1232794,0
1325916,1
1091442,1
1208107,0
1135100,0
1386150,0
1377049,0
1338079,1
1165389,6
1184444,1
1352522,0
1287290,1
1297038,0
1229249,7
1315406,0
1330535,0
1172512,3
1179698,1
1148608,11
1220049,1
1160698,0
1099080,0
1169664,0
1059733,0
1347000,0
1062649,0
1327708,4
1417074,3
1375533,0
1216051,1
1177561,6
1093585,1
1253365,3
1401401,0
1181034,1
1048956,0
1335441,0
1318018,2
1314580,1
1266462,1
1320247,21
1048651,0
1119842,0
1058726,2
1363730,1
1306235,2
1110129,0
1245326,0
1345979,0
1129473,2
1338764,3
1064285,0
1226121,2
1056173,0
1302927,2
1107827,0
1314537,2
1202918,7
1363822,0
1151905,0
1280665,0
1057029,0
1059423,0
1231942,2
1289798,0
1133448,0
1236970,0
1173094,0
1127619,11
1203424,1
1237659,0
1142173,1
1297079,0
1314902,0
1092430,3
1262906,1
1099054,1
1049930,0
1050200,0
1090963,0
1414839,0
1296427,0
1257732,3
1052648,0
1303607,5
1356815,11
1163713,4
1193800,1
1115261,1
1134155,0
1183649,0
1075328,1
1258204,0
1082928,8
1071880,0
1053155,0
1400701,0
1377437,0
1221245,11
1080605,0
1275808,0
1304220,0
1054819,0
1330720,1
1256154,9
1191455,12
1138763,8
1364796,0
1299499,0
1361259,0
1144630,1
1252758,2
1297977,0
1340327,1
1311289,0
1247259,0
1235323,0
1178117,0
1352743,0
1309456,7
1105760,2
1254254,4
1084251,1
1123653,3
1206591,0
1089484,5
1233453,0
1187392,0
1149412,0
1255899,0
1207634,2
1322408,0
1066702,0
1339987,1
1375329,0
1096566,1
1278478,0
1134015,0
1255749,0
1109263,3
1253475,2
1050671,0
1412868,0
1229188,0
1273920,3
1222087,0
1077201,0
1060957,0
1072527,1
1094507,0
1237753,2
1240328,0
1206338,0
1218332,0
1293771,0
1186865,1
1389947,0
1051536,0
1413438,1
1211747,0
1186075,1
1304501,24
1235153,4
1199935,5
1202528,0
1120364,1
1406557,0
1253133,2
1164613,3
1412993,81
1098792,0
1086827,1
1409511,6
1206958,1
1103772,2
1221459,21
1270364,0
1157323,2
1085417,0
1149832,0
1403604,0
1334016,0
1288311,4
1374196,0
1070839,0
1089395,0
1364234,0
1317013,8
1389737,0
1112720,45
1341068,0
1095572,0
1236023,0
1076579,0
1246697,1
1295910,1
1337072,0
1193069,1
1395911,0
1365458,0
1341480,0
1308392,11
1070681,0
1170549,10
1254278,0
1348716,0
1080262,0
1187164,0
1280766,0
1225543,0
1085401,0
1172699,1
1352939,0
1371807,0
1111836,0
1300369,0
1320513,4
1227185,0
1290430,0
1286824,1
1269119,2
1115439,6
1392334,0
1413630,1
1388564,0
1109938,0
1306242,1
1120181,0
1170384,1
1220495,2
1107819,1
1219990,15
1098145,4
1092530,0
1079596,0
1286587,2
1408648,8
1241390,1
1281579,7
1108680,1
1074619,0
1150928,6
1318155,1
1065109,0
1204359,0
1301914,2
1255568,1
1193691,0
1119931,0
1240541,1
1360991,0
1075848,0
1169961,1
1254871,2
1069898,0
1382342,0
1163638,1
1061696,0
1050850,0
1186199,3
1074978,0
1071626,0
1350116,1
1138436,1
1150357,0
1398615,0
1354589,0
1153010,0
1332308,16
1256221,1
1272965,2
1101181,0
1124097,4
1284538,0
1349504,0
1128595,1
1133329,10
1068791,0
1413219,0
1384225,0
1157477,2
1072495,0
1088080,0
1371811,0
1270472,1
1136237,1
1167425,0
1363319,0
1134446,5
1335484,1
1253300,0
1191586,0
1114279,2
1406793,0
1350875,0
1191301,2
1343975,0
1298698,1
1158244,2
1251168,3
1053573,2
1116266,8
1299009,5
1259532,0
1173166,2
1210658,0
1306352,0
1090983,1
1069515,0
1193784,1
1209164,2
1247892,0
1272081,0
1135162,4
1345433,0
1270588,0
1266888,19
1168198,3
1275423,1
1228004,0
1315662,0
1170191,2
1280206,3
1223023,1
1086428,1
1072146,0
1376949,0
1241865,0
1393145,0
1417762,0
1328591,4
1170494,2
1163822,0
1141076,10
1373858,1
1156455,1
1103259,0
1305021,1
1326377,0
1271787,9
1278168,0
1230551,0
1214156,4
1195042,2
1153233,1
1285140,2
1168888,0
1131836,4
1172197,0
1276502,1
1342872,0
1188763,0
1383143,0
1162738,49
1302057,2
1311913,2
1082264,0
1111737,0
1325511,0
1336955,0
1341071,0
1239701,1
1356699,0
1081160,0
1139284,0
1240405,3
1301867,1
1085129,1
1321750,0
1303983,0
1194402,0
1180347,0
1093999,0
1063770,0
1270575,6
1075074,1
1101261,0
1063558,0
1279585,3
1246098,0
1365611,0
1294090,0
1140630,3
1348747,0
1261142,2
1265684,1
1269496,1
1119450,3
1108139,0
1052537,0
1284502,4
1407863,0
1256938,1
1276880,1
1161081,0
1217998,2
1193779,12
1270627,1
1353295,1
1139671,0
1349187,0
1205563,2
1350885,0
1216736,2
1074269,0
1220784,0
1317472,4
1177276,0
1073688,0
1100459,0
1164789,1
1096955,12
1246832,2
1318434,2
1360047,0
1355541,1
1211797,0
1219713,2
1170263,1
1334621,1
1215922,0
1111849,1
1353415,0
1353998,0
1412800,0
1128596,0
1106527,8
1365118,0
1054602,0
1362688,0
1226408,0
1384277,0
1313362,1
1224526,2
1281376,4
1352338,1
1271525,6
1254609,0
1195148,16
1111504,6
1067754,0
1292625,3
1143691,5
1412553,1
1240984,1
1072595,0
1184000,5
1201708,0
1412420,0
1206088,4
1118017,1
1159256,3
1182641,4
1172538,0
1189223,0
1116575,0
1392653,0
1184457,11
1325584,3
1120427,0
1077779,0
1355280,0
1383325,5
1180625,0
1138900,0
1153827,0
1131258,1
1322868,3
1372837,0
1288145,1
1228381,2
1264380,2
1271505,0
1086547,0
1238705,0
1193751,2
1317818,0
1399428,0
1220524,0
1178631,1
1228891,1
1148201,3
1160421,3
1130845,4
1388375,0
1281643,1
1180240,2
1238252,1
1067866,0
1281526,9
1321943,6
1398090,0
1106568,6
1387628,3
1412188,0
1303181,5
1056111,0
1146354,14
1066294,0
1131104,6
1341794,0
1187753,0
1146198,3
1277547,0
1331320,0
1157941,0
1178243,4
1320264,7
1049055,0
1245069,18
1247000,10
1307063,0
1328258,8
1153368,1
1161484,2
1116133,0
1341279,3
1410883,0
1227160,0
1073676,0
1335199,1
1387430,0
1113063,0
1361577,0
1251129,2
1135484,0
1250878,15
1261596,1
1139494,1
1223484,7
1110325,2
1339349,0
1370781,0
1099226,0
1285474,8
1160874,0
1407299,0
1268745,0
1258942,3
1192097,0
1173922,2
1185929,6
1067111,0
1195393,6
1161773,4
1318399,0
1305648,0
1195662,0
1321612,6
1384924,1
1095366,3
1367410,0
1217540,1
1346382,0
1402000,0
1311449,0
1064531,0
1210292,0
1255289,4
1359022,0
1293448,0
1325161,0
1199651,1
1084620,0
1378292,0
1285857,1
1392625,0
1060375,0
1306839,0
1249902,6
1395204,0
1362793,0
1134756,0
1170557,4
1270318,0
1141234,0
1250888,10
1355123,2
1160528,1
1130395,0
1094774,0
1052339,0
1186418,37
1347812,0
1408975,0
1091432,0
1158030,3
1350376,0
1265621,1
1338224,8
1198673,0
1178346,4
1077165,0
1225251,1
1136435,7
1244816,0
1099551,0
1371270,0
1071594,0
1147767,0
1384953,0
1264588,0
1399758,0
1193227,0
1329224,9
1317981,2
1339840,0
1241957,0
1372324,3
1243843,1
1161084,0
1369840,0
1121643,0
1162578,4
1226084,0
1119332,5
1326573,6
1402910,0
1391421,2
1400279,0
1267083,2
1193607,2
1200015,1
1174148,0
1344926,0
1379478,1
1144719,3
1127420,0
1052255,0
1266613,0
1077954,1
1336903,6
1144545,0
1140322,1
1171386,14
1151634,9
1266984,2
1372555,0
1332042,1
1136497,1
1326234,2
1316718,9
1099717,9
1336113,2
1096831,0
1126087,0
1191773,0
1161818,0
1342430,0
1301887,2
1182629,0
1226467,1
1296608,1
1328656,2
1370745,1
1207983,2
1213976,3
1370420,0
1257866,5
1176552,0
1396680,0
1411473,3
1403769,2
1333955,0
1157937,0
1087283,4
1118433,0
1341161,0
1146928,0
1163439,0
1170758,1
1107095,0
1287786,2
1296817,2
1387185,2
1306686,1
1245536,1
1048675,0
1269110,0
1197451,0
1384016,0
1216378,2
1082143,0
1172963,3
1127216,7
1275720,11
1389611,2
1256381,0
1376102,0
1165149,3
1053996,0
1133047,1
1264502,4
1382243,0
1095636,11
1410140,3
1278363,0
1101367,1
1376269,1
1272452,0
1349325,1
1398465,0
1400573,0
1248982,6
1146342,0
1119632,0
1142569,4
1144351,5
1112160,0
1111147,1
1344314,0
1119771,0
1256553,0
1092194,0
1127984,7
1105139,2
1224155,0
1284709,1
1071152,0
1227286,6
1230733,0
1261132,0
1219543,5
1301179,0
1150941,3
1167939,0
1081591,2
1087471,3
1363746,0
1281621,0
1076413,0
1287408,2
1177662,0
1256287,0
1293846,0
1221787,1
1062303,0
1181463,0
1124419,6
1117330,9
1385682,0
1090879,1
1397864,0
1387384,0
1326672,1
1121184,1
1139661,0
1095130,4
1269722,22
1199106,0
1178710,18
1155059,1
1411514,0
1362337,0
1313251,4
1294529,5
1350242,2
1164565,0
1179034,1
1071010,0
1276274,1
1254959,0
1295577,2
1242637,3
1246775,0
1397471,3
1166948,0
1309224,0
1120307,4
1069705,6
1051272,0
1262742,0
1357045,0
1157258,0
1175245,7
1296399,0
1160902,8
1121142,4
1274774,4
1416829,0
1304616,8
1341583,0
1248199,3
1324696,3
1367997,0
1282454,3
1170049,1
1151363,7
1097058,0
1184595,13
1313243,0
1116877,1
1392190,0
1096779,2
1292993,13
1166336,0
1351022,0
1051110,0
1277840,7
1397371,0
1209508,1
1166691,1
1220296,3
1297105,0
1363689,0
1193940,0
1328095,0
1382158,0
1170043,2
1309319,2
1122795,0
1376024,0
1404718,0
1219239,0
1145376,29
1104305,6
1127658,1
1114281,1
1254796,0
1292105,2
1175654,8
1169140,27
1133752,0
1379538,0
1224253,0
1157741,0
1186866,5
1088173,1
1380701,0
1056708,4
1188201,1
1377988,0
1168195,0
1187203,0
1259712,1
1112589,0
1214885,0
1337476,0
1217290,11
1152509,0
1266963,3
1091197,0
1381184,0
1334734,1
1297707,0
1064155,0
1365496,1
1307633,1
1223887,3
1327236,1
1198443,0
1176929,0
1096859,0
1310060,9
1320276,0
1347820,4
1258803,2
1204776,0
1252064,19
1171085,8
1053216,0
1412512,0
1329688,0
1129296,5
1055990,0
1062271,0
1052959,1
1370161,2
1255581,0
1286425,1
1181036,1
1276110,2
1364239,0
1075997,0
1258316,0
1389552,2
1329303,0
1232276,1
1081108,0
1135309,1
1370540,0
1099686,0
1363251,0
1160665,0
1340110,1
1362769,0
1219595,1
1415384,2
1296459,5
1163461,1
1243841,11
1187026,1
1156198,3
1068494,0
1144108,0
1319931,10
1252238,0
1058785,0
1215412,1
1290537,0
1169372,2
1089883,2
1089556,8
1300791,4
1342110,1
1285621,3
1062005,1
1266886,2
1163742,0
1308879,0
1273139,3
1259842,1
1176868,0
1138539,0
1091411,0
1198467,0
1166924,0
1396434,0
1415863,0
1309197,0
1230881,9
1097614,0
1377500,0
1143047,16
1133140,26
1329972,1
1172991,1
1341286,0
1262387,3
1387531,0
1328724,3
1171028,2
1215911,0
1269242,15
1268612,6
1174015,14
1095195,0
1060476,0
1343889,0
1418093,0
1225736,0
1336270,1
1119612,13
1143767,0
1356566,0
1309325,4
1295544,0
1319582,0
1252934,1
1113016,15
1121599,0
1115844,11
1088908,0
1101470,2
1079983,2
1287785,0
1315531,0
1319387,2
1401516,0
1247911,2
1338907,4
1137215,0
1059486,0
1205248,6
1244365,0
1207669,6
1222396,0
1303128,0
1171005,1
1118024,11
1138670,0
1407553,0
1093172,0
1130212,12
1409771,0
1151743,0
1206586,1
1269175,1
1057576,0
1066392,1
1172858,1
1239294,5
1087765,1
1298539,0
1255300,14
1091284,0
1158572,0
1075962,0
1106912,0
1217694,0
1127379,0
1092624,0
1164370,0
1192762,0
1271761,5
1245565,1
1313784,2
1383240,0
1062022,1
1137629,2
1080642,0
1082003,0
1052644,1
1385686,0
1394026,1
1103350,0
1411492,1
1090311,8
1103539,0
1318654,0
1217855,0
1175757,8
1225454,1
1139189,24
1249355,0
1346594,10
1069992,0
1397009,1
1168825,6
1342666,0
1155334,10
1146022,1
1082778,2
1076130,0
1320991,2
1370812,0
1345262,0
1417910,0
1288344,6
1201078,3
1183655,1
1199321,0
1387559,0
1189557,2
1298060,3
1305911,2
1050078,5
1296886,3
1239155,2
1339992,5
1253377,0
1093152,1
1116375,0
1395520,0
1179443,0
1154904,0
1184306,0
1063543,0
1282008,0
1305532,2
1336674,7
1236175,0
1084630,0
1314651,0
1333221,44
1390434,0
1239341,3
1148434,2
1363481,0
1305851,3
1072404,0
1073591,0
1136804,1
1172031,0
1377688,0
1172256,0
1317540,0
1327215,2
1147549,4
1081241,1
1198539,1
1191277,7
1191252,0
1105512,5
1051265,1
1172937,3
1168116,3
1342289,0
1365816,0
1323343,6
1144701,3
1349982,0
1224657,1
1299799,1
1204407,1
1088610,0
1372466,0
1320119,1
1333396,2
1068281,0
1099527,0
1152586,0
1211755,0
1304681,11
1405920,0
1277716,4
1174122,0
1355520,0
1145965,3
1176854,0
1382378,0
1183529,2
1232039,0
1372593,0
1147725,0
1375739,1
1218628,0
1291253,1
1380518,0
1181555,2
1187801,3
1374171,0
1193105,0
1299219,3
1228333,3
1308955,2
1142676,0
1141946,9
1255902,3
1393277,0
1372568,0
1417341,0
1213288,0
1365780,1
1305875,7
1089783,0
1298884,6
1167697,0
1110345,0
1305273,0
1200768,8
1289537,2
1365844,0
1181854,3
1274710,0
1150689,0
1354464,0
1172596,1
1303232,0
1397118,0
1153618,0
1286086,1
1145354,0
1240325,7
1166157,0
1315405,9
1163262,3
1135875,7
1140194,0
1329930,0
1110808,12
1081131,2
1383839,0
1308179,1
1162152,0
1369924,0
1413184,0
1412122,0
1339888,5
1325548,0
1066103,0
1090164,5
1123209,1
1397845,2
1220140,2
1105331,0
1100010,17
1136509,1
1064511,0
1143091,1
1334449,0
1123820,0
1199293,5
1223347,0
1225611,0
1272048,0
1404800,1
1375358,0
1309043,13
1168133,0
1109476,1
1221001,0
1217134,2
1171476,3
1272217,3
1390523,0
1168386,1
1062439,0
1324343,1
1233668,0
1107881,1
1315623,6
1287544,2
1299110,7
1051120,15
1229701,8
1252087,2
1227041,0
1144535,0
1075736,0
1123959,10
1238910,1
1155314,0
1182945,22
1124372,0
1384841,0
1343800,2
1094134,0
1253053,3
1349358,0
1202721,8
1225288,1
1121442,8
1074590,0
1059763,0
1195079,1
1060654,0
1131302,0
1297658,6
1317732,0
1082114,0
1112684,1
1123629,0
1208218,0
1371397,0
1105842,0
1225618,1
1220084,2
1346785,0
1212279,0
1354324,0
1062558,0
1065770,0
1125064,1
1185154,0
1400770,0
1145052,0
1274441,0
1206989,0
1313535,0
1359172,0
1185925,1
1389532,0
1302258,0
1298354,0
1315952,4
1147124,1
1189333,0
1051553,1
1111640,0
1341625,0
1364619,2
1118166,2
1287740,5
1292977,0
1180079,9
1148622,0
1124878,1
1199853,1
1130286,1
1188939,0
1287500,2
1294279,0
1140143,0
1110239,9
1181691,0
1054587,0
1391592,0
1157126,1
1286140,5
1300252,4
1114358,2
1334703,7
1235897,0
1121656,0
1059112,0
1076781,0
1267046,0
1378364,0
1225704,1
1293836,1
1397061,0
1329409,2
1236333,0
1395930,0
1252920,0
1390820,0
1242929,0
1152418,1
1234063,0
1355851,0
1396211,0
1312756,3
1211758,0
1056321,0
1328275,0
1295651,1
1190365,0
1128382,3
1351223,0
1155389,4
1223810,9
1397546,0
1272658,4
1190099,1
1239283,0
1280163,1
1283012,1
1111542,0
1272102,0
1292156,0
1057202,0
1107440,7
1368624,0
1361163,0
1415664,0
1404086,0
1288405,12
1086480,1
1255719,1
1264618,3
1218339,15
1272911,3
1201069,0
1173944,0
1279247,1
1107457,1
1149326,9
1311312,2
1060953,0
1212960,1
1348352,0
1370396,1
1156876,0
1261115,3
1335734,0
1150191,2
1250697,0
1220173,44
1334023,2
1316689,7
1059493,0
1299364,2
1383678,0
1115023,7
1224588,0
1416448,0
1147201,1
1202226,4
1275959,1
1311058,0
1127561,0
1170957,0
1108179,0
1227778,7
1405070,4
1218541,6
1163151,0
1084472,9
1264207,4
1292499,2
1383148,0
1114035,1
1225282,0
1208023,1
1112261,0
1361439,0
1073821,0
1316253,10
1398780,0
1261893,0
1216589,2
1222366,1
1375527,4
1132432,0
1297119,0
1076573,0
1134351,5
1285204,1
1173624,0
1357402,0
1247670,2
1063093,0
1318292,7
1293113,2
1075524,1
1116905,1
1326385,0
1242831,4
1218089,0
1130031,1
1226357,0
1323468,0
1062623,0
1300683,6
1227980,0
1369120,0
1149121,1
1332506,0
1322909,10
1361876,0
1171687,0
1299323,3
1238133,0
1412686,0
1381829,0
1326656,5
1305574,15
1170438,0
1192029,4
1362682,0
1334371,1
1388457,0
1080979,0
1271756,3
1263641,0
1187188,7
1323708,0
1320258,1
1214199,1
1374558,0
1258948,0
1085073,1
1241204,0
1237562,1
1384201,0
1176165,1
1408082,1
1252146,7
1275799,0
1143448,2
1209623,0
1313175,0
1152359,2
1199336,0
1157254,3
1202313,6
1165919,2
1365137,1
1148127,5
1161009,0
1208496,0
1141473,3
1340610,1
1211103,0
1415961,0
1155489,0
1178913,0
1347713,2
1290591,15
1310390,1
1346591,0
1184034,0
1110860,0
1195975,2
1241418,2
1054899,0
1217676,1
1242826,2
1246364,0
1130956,0
1400267,0
1338867,1
1144583,0
1345427,0
1204853,2
1252541,1
1236336,0
1383289,1
1321572,15
1124345,1
1215599,2
1207103,0
1339244,0
1100118,6
1381588,5
1224677,3
1115702,5
1060641,0
1053604,1
1343938,0
1256965,4
1227833,0
1226137,0
1360191,0
1186420,1
1140529,0
1201258,4
1151238,6
1074477,0
1389645,0
1101369,2
1262733,1
1269398,6
1049471,0
1178899,0
1265483,3
1097361,2
1321149,0
1231668,0
1296550,2
1401303,0
1255350,0
1183332,1
1175525,1
1089757,8
1380784,0
1073843,0
1171274,1
1416645,0
1171416,5
1356388,0
1181831,0
1400039,2
1192742,27
1190033,4
1315238,0
1169557,1
1109638,1
1157881,2
1399391,0
1405689,0
1135274,0
1202844,5
1321697,10
1359814,0
1213524,0
1130298,1
1138966,5
1131416,0
1217509,5
1256664,0
1317435,8
1140993,7
1055169,0
1126161,12
1348427,0
1048910,0
1066925,0
1344497,0
1308875,8
1275084,13
1167641,1
1333938,3
1390056,0
1348032,0
1370923,1
1314872,2
1059644,0
1241790,3
1341321,0
1394654,1
1068745,0
1318185,0
1118772,0
1260360,5
1076218,0
1214471,0
1414128,0
1210951,0
1129139,3
1140804,5
1191468,0
1339738,3
1272302,3
1158899,1
1217496,4
1392846,3
1295762,0
1390510,0
1290342,0
1173258,1
1272213,3
1163793,0
1267689,2
1166422,2
1416078,0
1320116,0
1071536,0
1297830,8
1389192,1
1403194,1
1231204,1
1282154,0
1343611,0
1179706,0
1129353,3
1382197,2
1330760,3
1121058,0
1159792,7
1268791,8
1104361,1
1201758,0
1320834,1
1062562,0
1283422,0
1139802,0
1090158,0
1059222,0
1259996,1
1360043,0
1333304,2
1272449,4
1115103,0
1153538,2
1303749,0
1192311,0
1145688,0
1298414,3
1391876,0
1397660,0
1312599,6
1291305,30
1263064,0
1065847,0
1341716,0
1079754,0
1401117,0
1107329,1
1129658,0
1188399,11
1292075,0
1134364,0
1235631,8
1307205,5
1280165,0
1392242,0
1321420,0
1415187,2
1299821,0
1198433,1
1051988,0
1107498,0
1286352,4
1117918,3
1380591,0
1285586,1
1265548,0
1125821,4
1405001,0
1065943,0
1267271,0
1162721,1
1177932,28
1191507,0
1136193,0
1186800,1
1311283,10
1058540,0
1089294,0
1318393,7
1287011,10
1395696,0
1255913,0
1231278,0
1149512,5
1222330,1
1066539,0
1387814,0
1336463,0
1278733,2
1120383,1
1129670,2
1358910,0
1372132,0
1274772,0
1153503,6
1103803,53
1062128,2
1148998,0
1274425,17
1167015,1
1207944,0
1131140,2
1339200,5
1069228,0
1289494,0
1105186,12
1373187,0
1153070,0
1397017,0
1235537,2
1316635,0
1360020,0
1287550,0
1228492,4
1351695,0
1092433,1
1202464,1
1383854,0
1402842,0
1211034,2
1201460,3
1271798,1
1391124,0
1267028,3
1265510,1
1341916,0
1206824,2
1304576,1
1197851,6
1182638,0
1369617,0
1246967,0
1077054,1
1268505,0
1381052,0
1110474,24
1121592,0
1215555,7
1263489,1
1327849,1
1116635,1
1307639,0
1376597,0
1225638,3
1065534,0
1102125,1
1328760,0
1384764,0
1065999,0
1133387,3
1283287,0
1198406,4
1262125,0
1237983,0
1292354,0
1415669,0
1398174,0
1178981,3
1258937,0
1123382,0
1127509,4
1383524,0
1073360,0
1055285,2
1352468,0
1392767,2
1177188,1
1195746,3
1258180,1
1342345,0
1243989,0
1316747,2
1207338,0
1355257,0
1355981,0
1259303,0
1376158,0
1059032,0
1348962,0
1317219,1
1317491,9
1305726,8
1077771,0
1347278,0
1089202,4
1058713,0
1167400,1
1366896,0
1404578,0
1229476,1
1113718,0
1135748,0
1156723,2
1176168,0
1282055,0
1400430,0
1296434,0
1409103,0
1416575,0
1280709,4
1048707,0
1094522,0
1360341,0
1150065,3
1383163,0
1413521,5
1209962,0
1147561,5
1402365,0
1180195,6
1226744,1
1065961,0
1097267,3
1082633,3
1189383,1
1276216,5
1110088,1
1215323,5
1256947,0
1225781,1
1188819,1
1204092,0
1150207,0
1273528,1
1127094,31
1136004,1
1259338,8
1123196,0
1114079,5
1300711,2
1085056,9
1381603,0
1323180,5
1378313,0
1339025,1
1104247,7
1275713,9
1296804,2
1379421,0
1185338,0
1148685,5
1361882,0
1063140,0
1206046,0
1159622,0
1357963,0
1300500,0
1259244,2
1324161,1
1239858,0
1086904,0
1304091,8
1396825,0
1296808,0
1289404,5
1092018,1
1291046,2
1247080,1
1300574,1
1342644,0
1217054,4
1302666,2
1081706,1
1405273,0
1148079,29
1319504,0
1256607,1
1063435,3
1056926,1
1366265,0
1249247,2
1343311,0
1188040,4
1119355,0
1162381,17
1363464,0
1178277,2
1272122,0
1076836,1
1398193,0
1199911,0
1318072,0
1268904,3
1343008,0
1213686,0
1211719,1
1308744,7
1138204,11
1344764,0
1146921,1
1384127,0
1410503,0
1338121,1
1333409,0
1100375,2
1357965,0
1304641,2
1384928,0
1120785,4
1106352,2
1305838,1
1379747,0
1232927,2
1279972,11
1145378,1
1187918,0
1349076,0
1203411,1
1415953,0
1354671,0
1340080,1
1085141,19
1130290,4
1398605,0
1354726,0
1069129,3
1288442,17
1343431,0
1266103,0
1276754,5
1102918,8
1417404,4
1194682,0
1409917,4
1315770,7
1410689,1
1152626,0
1122700,0
1179783,6
1137980,12
1106995,1
1372190,0
1244881,0
1137552,0
1228078,0
1279723,0
1285764,18
1323497,9
1265214,0
1327558,0
1071720,0
1137102,8
1363953,0
1244126,16
1273151,4
1164689,1
1138899,0
1385782,1
1251625,25
1403799,0
1107715,1
1168597,0
1356510,0
1231673,0
1102629,3
1222006,0
1353611,0
1400058,1
1209455,0
1336591,1
1353687,0
1298556,0
1389863,0
1167053,30
1106075,0
1130036,3
1296498,2
1113432,1
1192877,7
1310026,0
1383729,0
1355842,3
1385642,0
1290705,0
1265894,0
1086720,6
1298002,1
1397758,1
1292265,2
1258213,57
1192639,1
1111584,0
1376613,1
1300679,0
1088408,0
1062763,1
1369460,0
1086046,4
1299059,0
1340665,0
1386773,0
1291329,2
1383578,0
1085406,0
1372919,0
1273239,2
1305171,0
1170199,1
1142913,1
1408361,0
1120769,3
1395709,0
1277703,5
1258866,11
1160539,3
1261606,0
1115804,0
1136787,5
1148256,1
1319123,0
1268189,5
1272518,47
1181316,0
1360870,0
1202893,4
1148502,0
1291762,0
1156297,3
1067800,0
1292217,0
1152223,6
1321817,0
1352993,0
1100843,0
1183866,0
1305329,3
1093601,3
1253396,0
1085678,0
1243129,1
1123198,0
1360461,0
1160223,7
1391940,0
1208687,1
1164432,50
1285862,0
1411857,0
1135015,5
1377031,0
1210142,0
1152666,0
1384077,0
1073109,0
1289965,0
1241543,0
1211053,2
1407543,0
1130890,0
1253629,0
1305450,5
1079044,0
1146651,0
1103362,0
1116493,2
1117499,7
1302700,0
1262459,3
1161500,8
1142514,10
1176172,0
1160907,0
1143427,6
1382383,0
1109107,6
1315565,4
1278552,0
1282992,0
1411799,0
1204764,1
1383598,0
1072692,0
1081041,3
1333983,1
1097208,4
1371837,0
1071750,0
1316131,3
1146610,3
1272782,0
1365456,0
1318250,2
1298054,2
1084757,0
1178122,0
1274812,0
1069808,0
1236592,0
1140607,7
1332456,0
1238173,0
1362514,0
1132753,2
1142553,0
1119398,1
1149520,0
1303507,2
1156254,0
1328674,14
1392906,0
1194996,3
1308290,1
1096108,12
1207270,0
1348921,0
1103368,0
1362241,0
1219996,0
1275144,0
1086987,4
1153619,20
1099477,0
1333739,0
1350257,0
1089660,0
1187310,0
1329471,0
1106199,0
1157157,4
1263789,15
1385182,0
1410882,0
1248109,1
1317156,3
1289147,0
1320791,10
1291623,2
1293171,30
1296885,0
1109941,1
1292230,1
1364345,0
1107359,2
1052211,0
1396790,0
1241757,2
1301666,2
1271988,0
1362343,0
1416278,0
1249421,0
1298878,0
1117318,2
1322964,0
1325518,1
1201459,0
1126453,6
1228384,0
1189456,0
1294532,4
1381289,1
1266236,0
1074396,0
1174261,0
1354809,0
1309069,0
1413810,0
1274761,11
1386340,0
1182668,0
1103559,0
1192309,0
1164302,0
1251004,0
1271752,1
1344295,0
1260705,2
1078651,0
1289956,0
1201467,3
1072677,0
1308781,6
1249274,7
1063291,0
1074970,0
1252540,0
1345050,0
1332380,2
1050515,0
1375412,0
1379093,0
1284184,0
1236942,2
1122022,9
1298705,4
1190383,1
1079823,0
1317534,1
1348499,0
1269809,8
1325825,3
1181936,0
1295215,0
1084214,6
1128368,9
1117811,1
1298501,4
1199965,0
1378435,0
1246579,0
1367421,0
1349958,0
1113966,1
1368939,1
1265994,7
1084347,1
1192890,1
1396813,0
1411708,0
1361482,0
1263166,2
1369659,0
1287788,1
1152405,2
1278405,20
1403006,1
1187189,0
1227585,0
1330541,6
1198759,2
1186769,10
1402639,0
1246370,3
1398742,0
1371988,0
1236247,1
1321278,1
1230146,10
1144752,9
1099880,0
1347356,0
1247662,9
1350006,1
1301249,2
1334351,0
1193584,0
1220518,0
1295093,6
1195475,0
1323849,9
1409747,0
1275840,0
1347284,0
1108365,7
1371252,1
1294659,3
1274881,8
1221673,1
1121259,0
1177635,2
1213629,0
1205466,0
1184971,0
1350334,1
1334924,1
1048816,0
1234638,7
1151987,3
1138529,0
1072279,0
1211379,2
1191687,0
1050424,0
1073370,0
1171175,0
1374072,0
1345884,0
1413018,0
1151879,0
1185988,91
1327147,2
1223514,2
1246841,0
1084507,0
1321543,1
1096415,0
1260202,1
1394868,0
1063000,0
1375863,0
1237564,10
1219895,69
1353052,0
1201745,3
1269974,0
1223393,7
1238061,3
1375425,0
1071475,0
1383977,0
1245664,1
1254457,1
1086992,1
1137305,0
1357419,0
1225805,3
1379813,0
1266690,1
1396762,0
1096470,0
1348284,15
1265244,7
1205877,2
1075349,0
1350895,0
1255609,0
1196951,14
1147883,2
1207501,0
1278598,1
1158850,2
1347160,0
1104201,0
1292030,0
1375222,0
1256523,2
1259155,1
1252135,2
1100079,1
1347319,0
1162473,1
1128948,0
1055067,0
1106575,4
1093468,1
1172764,0
1292238,0
1269045,4
1065906,1
1177217,0
1090287,5
1118903,1
1397784,0
1171376,0
1327878,6
1155291,1
1075601,1
1143695,0
1048836,0
1324596,0
1168375,0
1354209,2
1372418,1
1187279,0
1197050,7
1361576,0
1257231,2
1242552,0
1406828,0
1176366,0
1404928,1
1333564,1
1098733,0
1378708,0
1128557,0
1093051,0
1329425,1
1058330,1
1276275,2
1127401,11
1403240,0
1405187,0
1066908,0
1343816,0
1322704,0
1305999,2
1183069,12
1141629,4
1225434,0
1300752,0
1383940,0
1290523,1
1182268,1
1297184,0
1334576,4
1231552,0
1250648,3
1225563,0
1128247,1
1357189,1
1206541,0
1138301,0
1188274,3
1143043,0
1269892,0
1412701,0
1076390,0
1241603,6
1355619,0
1339308,2
1120527,4
1381226,0
1155716,3
1296291,2
1203702,1
1340113,22
1251467,0
1201153,2
1198283,3
1191681,0
1200736,6
1323861,0
1114522,6
1120335,5
1292529,1
1064986,0
1224660,14
1334973,0
1267949,0
1278508,0
1075446,1
1343600,0
1370324,0
1126238,0
1165340,0
1146310,16
1211474,18
1285098,0
1307912,0
1208701,0
1199367,0
1102410,3
1345998,0
1183780,0
1335052,6
1167249,1
1176422,1
1282827,1
1077161,2
1389984,0
1062120,0
1133629,1
1068811,0
1292578,0
1192307,0
1105808,2
1328940,5
1147010,0
1233597,3
1240156,3
1293440,1
1285325,4
1254615,3
1091134,1
1342172,0
1394683,0
1319114,0
1318901,0
1387110,0
1129754,3
1221908,0
1358933,0
1057461,0
1401943,0
1342104,0
1146164,9
1204207,0
1272850,0
1315358,0
1052978,0
1169899,3
1360353,0
1111454,0
1339103,3
1292533,2
1319182,25
1171400,0
1183397,8
1282927,0
1368335,0
1311976,2
1349786,0
1146517,2
1071300,7
1364581,0
1077512,0
1246210,0
1107167,4
1286372,5
1177465,4
1188888,0
1408042,0
1193679,1
1131521,0
1254998,8
1190840,3
1084008,2
1293203,8
1075609,0
1251337,0
1247492,0
1245877,5
1256490,0
1413345,0
1144547,6
1146680,2
1062046,0
1184174,2
1232159,0
1279490,2
1397393,9
1329990,2
1103780,0
1070287,0
1244674,4
1288348,0
1302729,0
1290322,16
1267345,13
1333167,0
1284640,0
1052203,0
1150749,1
1240609,0
1089737,1
1339290,3
1266621,1
1340758,0
1306794,0
1401511,0
1142907,0
1108264,8
1133186,1
1331836,2
1281561,0
1390940,0
1394724,0
1136798,2
1313257,0
1384550,0
1124359,0
1374734,0
1289529,0
1116837,0
1255901,16
1346524,0
1230562,2
1120558,0
1217887,6
1287026,1
1114966,0
1097510,1
1158925,0
1197163,8
1216419,4
1113854,1
1077304,3
1309008,0
1107615,0
1407165,0
1142544,14
1379527,5
1284645,0
1219264,5
1159022,2
1168049,3
1284944,1
1060947,0
1114379,0
1127155,0
1269297,1
1310678,2
1071024,0
1218788,1
1124926,2
1118334,0
1333060,2
1368628,2
1133237,6
1235327,0
1191640,21
1127936,1
1157272,12
1233306,64
1336860,0
1338323,8
1360639,0
1275535,0
1165377,3
1370146,0
1254367,0
1250992,0
1096333,1
1285798,0
1331040,23
1313879,0
1048526,0
1196602,1
1257652,0
1210737,1
1143559,0
1347526,0
1339031,0
1299487,7
1227651,1
1235816,0
1052118,0
1297706,3
1389924,0
1051762,2
1201799,0
1410647,1
1091599,4
1170551,0
1220193,15
1076993,3
1066530,0
1217173,0
1194035,1
1142839,0
1385218,0
1190447,0
1242356,1
1346596,0
1414260,8
1275063,0
1224665,2
1319720,24
1338376,42
1288137,0
1311562,0
1225562,0
1321528,2
1371693,0
1372212,1
1140769,1
1356825,0
1249773,3
1062095,0
1228843,0
1270563,2
1222901,0
1361072,0
1193260,6
1362817,0
1196084,0
1303136,0
1340682,1
1086285,1
1366138,0
1128132,0
1171995,0
1304774,9
1178919,1
1276876,7
1080571,0
1126806,11
1080852,0
1157856,1
1182863,3
1260939,0
1381541,0
1321696,1
1300632,0
1315828,0
1148800,0
1302770,1
1271471,0
1117211,1
1314359,0
1410955,0
1347326,0
1366171,0
1136895,0
1067959,2
1377313,0
1274381,1
1391859,0
1150029,3
1319513,6
1259317,1
1121901,3
1260777,2
1204110,2
1332798,1
1137497,2
1327427,1
1157783,5
1116623,0
1305970,6
1188847,3
1131172,5
1080482,0
1090787,5
1095067,2
1116759,5
1339803,4
1243407,7
1411992,0
1357427,1
1160679,3
1125137,3
1167187,0
1235311,0
1125692,0
1051018,0
1073928,0
1347907,0
1297127,0
1338338,17
1285053,0
1365273,0
1192138,1
1067714,0
1396884,0
1290550,3
1146294,0
1291168,3
1127081,3
1415190,0
1065754,1
1363199,2
1198229,0
1263286,3
1208891,0
1106526,1
1392613,1
1327145,0
1251302,21
1290234,7
1397375,0
1319829,0
1335205,1
1266848,7
1142591,2
1118086,1
1159846,0
1160037,0
1201555,1
1398943,0
1250733,48
1078617,0
1407217,0
1269286,6
1185230,0
1283231,7
1185546,5
1156866,29
1235770,16
1367834,0
1252178,5
1155872,0
1246309,2
1373487,0
1394902,3
1143484,3
1100003,2
1343048,0
1348047,0
1059707,0
1096490,6
1221923,0
1345483,0
1204103,0
1303452,1
1398951,0
1208420,0
1382322,1
1143985,2
1091057,0
1117704,7
1275372,3
1112743,3
1297174,1
1172231,1
1104038,1
1325443,0
1155581,0
1335491,6
1108332,0
1173064,0
1295666,3
1264626,3
1376720,0
1378960,3
1072276,0
1312428,0
1223845,0
1081122,0
1248397,6
1269926,17
1138827,0
1118782,0
1207035,5
1234436,1
1112203,0
1330993,2
1348044,0
1284619,0
1159006,10
1392729,0
1051259,1
1314966,0
1189691,2
1353670,0
1122343,4
1079434,0
1353819,0
1377873,0
1341734,0
1296216,4
1141077,3
1158274,4
1263877,4
1263954,0
1402913,0
1322381,2
1335386,1
1373932,0
1405771,0
1161538,0
1175633,139
1083012,3
1149973,0
1355264,0
1242163,5
1228732,3
1359429,0
1277388,1
1082934,8
1110836,2
1222240,0
1355111,0
1403332,0
1132120,2
1070601,0
1174152,1
1144088,0
1131146,0
1106380,0
1142202,0
1157426,3
1243635,4
1057513,0
1302008,6
1364190,0
1213320,0
1333146,0
1204905,1
1367531,0
1138162,1
1103353,1
1292477,6
1206375,0
1104150,14
1360258,0
1072779,0
1100928,1
1158609,7
1372685,0
1204829,2
1231038,4
1288680,0
1172078,0
1415481,0
1289012,0
1340596,0
1256597,0
1071766,0
1063552,0
1193791,1
1169460,1
1340661,20
1082650,5
1384889,0
1228941,5
1257931,7
1203696,3
1350471,0
1082723,0
1287380,0
1211641,0
1136158,0
1162238,2
1261784,12
1293586,0
1254268,3
1246963,1
1271714,1
1155605,0
1370080,0
1164545,5
1318706,0
1352518,0
1077248,0
1199374,4
1049674,0
1133232,0
1133313,0
1373958,0
1115123,1
1245615,4
1165463,0
1184987,4
1055394,0
1366591,0
1110595,4
1369602,0
1185057,2
1062730,2
1256101,0
1109349,0
1051218,0
1190808,1
1306984,4
1057367,0
1188308,1
1060591,1
1409007,3
1306344,22
1132018,0
1146469,0
1121359,1
1267452,0
1283695,1
1412606,1
1095862,11
1169859,0
1351037,1
1078868,0
1239191,0
1048999,0
1303378,0
1190347,2
1332185,0
1104441,0
1244924,0
1213225,0
1337580,5
1282714,3
1219064,5
1299897,1
1141489,0
1376801,0
1148451,0
1100919,0
1146358,0
1056354,0
1052489,0
1168175,2
1099341,0
1371864,0
1406549,0
1150376,5
1070740,2
1115431,6
1281357,4
1124143,10
1273604,1
1186743,2
1362631,0
1412027,1
1221492,0
1236907,0
1205222,0
1141085,10
1106708,0
1086275,1
1375173,0
1185212,2
1396161,1
1083864,2
1292471,1
1326016,0
1355671,0
1117881,16
1323821,16
1155047,6
1181244,1
1260839,1
1287371,0
1355452,1
1195173,1
1187017,2
1152691,0
1257806,0
1301567,0
1408318,1
1298293,0
1175962,3
1376578,1
1274276,2
1332708,0
1095454,2
1206443,1
1301987,0
1138359,12
1274222,0
1358149,1
1193693,3
1281269,1
1121093,0
1305925,3
1341370,0
1268254,0
1324452,1
1220058,3
1197071,0
1109891,0
1383008,3
1292810,1
1064110,8
1312154,1
1237747,5
1322973,5
1383830,0
1303133,2
1276453,1
1128972,0
1342367,0
1345877,8
1320208,0
1125199,1
1212875,0
1134963,8
1390303,0
1414180,2
1314549,1
1070025,0
1353042,0
1264709,0
1169519,5
1305305,0
1135243,0
1290818,1
1330556,9
1117121,4
1161013,0
1175620,0
1072171,0
1151269,0
1097985,0
1410021,0
1416224,0
1275035,5
1418360,0
1318884,8
1317914,0
1254686,2
1054084,0
1204848,1
1362587,1
1059780,0
1149390,2
1355864,0
1162736,29
1116607,2
1240722,1
1057408,0
1361431,0
1254873,0
1143813,0
1215543,2
1290213,9
1243570,0
1108345,0
1066473,0
1270260,0
1227794,11
1413634,0
1190021,0
1338761,7
1298829,0
1394831,0
1113559,2
1368119,0
1361298,0
1150044,6
1371050,0
1296782,0
1327952,0
1356544,0
1133068,0
1287006,0
1372439,0
1097612,5
1270780,1
1159973,2
1144411,0
1064515,0
1218925,1
1351680,0
1067910,0
1229341,2
1333607,3
1353304,0
1120415,3
1325279,1
1364171,0
1054791,0
1233467,5
1304161,0
1366375,0
1384810,0
1101894,14
1150085,0
1224386,3
1345870,0
1257025,0
1155188,2
1162202,0
1292748,0
1338929,14
1249508,0
1120548,0
1386367,0
1120895,2
1057661,0
1195018,5
1340157,2
1131920,1
1084297,4
1350186,0
1281743,6
1390455,0
1130827,5
1389531,0
1365603,1
1118379,2
1062313,0
1287861,0
1090962,0
1347332,0
1399451,0
1120523,0
1392233,0
1209574,0
1173679,1
1352525,2
1190826,0
1193732,1
1193106,1
1293005,1
1302750,0
1283391,0
1165820,0
1272038,0
1284384,3
1196427,1
1266428,0
1095094,1
1238117,1
1115162,39
1278180,9
1332126,0
1366563,1
1064879,2
1159379,0
1356718,0
1116395,6
1208845,2
1209431,0
1366612,0
1313353,10
1294283,2
1139666,0
1347744,0
1228185,2
1078168,1
1177906,0
1366287,0
1330794,1
1156139,17
1189897,1
1252080,2
1217502,0
1222379,1
1167978,3
1230995,0
1083403,0
1080620,0
1351015,0
1265227,10
1086242,2
1241515,3
1324249,0
1050740,1
1057026,0
1080804,0
1182778,7
1093375,2
1113304,0
1369289,2
1403734,1
1054439,0
1240339,0
1271513,0
1158716,0
1176831,0
1073902,0
1270972,0
1384701,0
1178165,1
1370674,0
1101766,0
1235253,0
1135085,2
1221518,0
1412923,0
1233021,1
1231612,0
1128364,1
1248823,1
1372441,0
1166243,0
1156283,0
1337143,0
1413295,2
1415113,17
1191034,5
1140897,0
1097436,0
1242599,0
1056446,0
1363213,1
1187513,2
1128500,3
1177947,0
1288706,3
1225026,1
1323795,0
1129118,2
1269301,8
1063261,0
1379126,1
1067403,0
1107778,1
1080367,0
1219956,0
1337740,5
1254052,7
1292340,0
1098156,0
1372260,0
1283432,0
1065088,0
1229769,6
1235472,2
1088012,1
1201391,0
1240716,4
1119418,0
1356851,0
1065357,0
1178407,8
1342138,0
1124622,0
1097777,0
1133390,0
1384673,0
1149968,3
1093905,0
1386621,0
1276539,0
1065794,0
1065975,0
1104261,0
1183988,1
1068587,0
1323894,1
1378579,0
1152599,0
1175099,1
1112914,0
1139840,0
1119228,23
1117838,4
1071795,0
1152792,4
1131871,6
1328685,1
1145131,1
1101789,1
1184337,2
1325914,0
1304411,2
1161952,2
1097879,0
1223592,0
1144854,11
1060751,0
1292254,0
1397041,1
1405051,0
1118068,4
1319841,6
1300401,0
1310718,4
1372060,0
1275961,0
1118362,0
1245309,0
1167534,1
1104750,0
1217615,0
1245846,0
1248437,0
1235951,0
1063679,0
1329969,3
1145981,0
1332390,1
1055190,0
1175676,12
1344333,0
1229782,13
1135377,0
1228999,0
1124377,0
1191037,0
1379804,0
1112198,2
1288316,1
1220056,0
1224120,4
1409740,0
1077535,0
1169168,1
1187773,6
1337289,0
1338082,2
1241946,12
1303336,2
1134973,75
1060920,2
1072154,0
1184966,5
1147873,2
1322804,0
1321252,41
1120189,2
1333271,1
1230585,0
1309418,0
1190269,7
1120297,0
1303734,0
1208128,2
1292324,2
1159695,2
1252547,0
1175292,0
1062314,0
1302603,1
1149818,0
1081455,0
1287516,4
1302305,1
1373649,1
1120138,0
1188721,1
1270060,0
1231401,0
1268838,6
1258147,0
1363985,0
1268425,7
1204060,3
1261872,2
1162193,11
1346360,0
1197833,1
1352667,1
1249772,1
1200909,6
1051653,0
1065720,1
1364718,0
1100401,1
1369687,0
1296066,1
1268236,0
1207441,1
1227893,4
1328605,0
1326429,5
1086377,2
1213112,0
1284097,13
1172641,0
1154931,1
1146515,3
1321342,1
1286960,1
1199494,0
1273212,0
1126989,2
1216142,2
1190919,0
1188705,1
1071548,0
1216494,2
1201528,3
1146831,4
1146170,1
1050704,0
1332049,0
1127526,0
1243941,1
1278100,1
1082589,21
1265303,0
1269455,3
1079153,1
1262050,1
1259174,11
1216619,0
1238309,0
1282593,0
1382768,0
1076623,3
1135280,4
1056998,0
1171088,1
1145744,0
1315780,0
1283101,0
1274736,1
1377119,0
1137766,6
1389560,0
1293845,0
1346986,0
1351901,0
1357650,0
1138750,1
1167331,0
1191663,9
1253818,1
1095927,0
1143598,0
1278343,11
1205468,0
1285787,1
1066843,0
1066710,0
1206493,2
1318938,2
1381486,0
1195952,3
1234556,2
1126719,1
1255328,1
1061014,2
1111826,13
1402841,1
1415402,0
1413988,1
1337691,2
1161361,0
1151614,1
1204154,5
1259260,0
1280776,3
1311927,0
1148518,0
1219479,1
1080930,1
1058242,0
1364351,0
1214269,2
1114447,9
1280886,3
1093510,5
1324617,1
1102236,2
1214224,1
1149260,0
1360128,0
1153572,1
1048642,0
1218735,1
1371085,0
1110622,4
1167937,0
1051677,4
1190129,1
1389282,0
1194076,0
1088022,0
1281398,2
1133625,7
1144841,8
1244207,2
1049604,2
1215927,7
1097970,0
1395078,2
1353890,0
1320961,0
1373131,0
1114692,0
1142305,5
1221044,10
1357407,0
1173577,1
1048723,0
1245962,0
1073999,0
1188937,1
1144378,3
1134099,2
1145510,1
1277615,1
1208252,2
1355335,0
1277107,7
1303411,0
1106163,1
1110626,2
1230920,1
1068542,1
1183727,1
1087547,3
1198060,0
1179938,1
1232705,3
1314286,0
1386608,0
1196946,0
1244583,1
1236902,0
1096919,0
1300942,1
1187190,1
1326820,3
1102626,0
1294098,0
1409200,4
1056473,2
1122514,1
1149594,0
1269817,2
1410104,0
1162657,4
1342968,0
1316498,4
1160318,0
1370594,0
1219340,2
1388233,0
1229261,0
1108676,2
1329544,0
1190536,0
1092395,0
1327769,0
1247576,1
1301261,2
1404272,0
1413231,0
1201490,0
1264153,0
1364025,0
1273284,1
1323879,0
1117394,0
1206499,4
1173021,1
1250831,4
1278606,0
1295313,0
1366334,0
1411559,1
1401293,0
1116136,14
1222458,1
1288272,0
1171263,1
1371928,0
1261518,1
1350834,0
1334987,3
1158296,0
1397731,0
1345316,0
1050487,0
1277729,3
1255735,1
1268697,0
1198050,0
1222369,9
1231873,2
1230462,1
1111513,3
1203617,0
1219945,4
1369181,0
1183625,3
1049975,0
1069989,0
1298467,2
1350136,0
1151593,9
1183656,2
1119326,6
1277674,6
1083091,1
1214067,0
1383840,0
1190481,7
1134709,11
1227113,4
1163316,2
1102675,1
1298459,1
1200710,2
1158290,2
1403328,0
1327346,0
1168238,2
1140153,0
1408228,1
1220171,6
1311828,3
1329147,1
1312369,9
1060731,2
1116124,0
1176898,6
1081768,0
1098425,6
1053915,0
1386915,0
1264472,44
1051095,0
1367149,1
1133623,1
1164916,0
1333735,0
1124806,0
1148686,1
1287844,0
1139478,6
1091821,1
1209726,1
1156162,9
1200783,1
1409484,0
1144490,2
1176329,7
1234144,0
1210715,1
1121961,0
1145546,2
1232389,0
1306490,1
1123051,1
1402140,0
1204957,2
1104179,0
1134742,0
1088821,1
1253214,1
1403632,0
1117483,9
1096177,1
1346039,0
1200449,0
1093984,0
1388781,0
1335510,5
1245044,1
1357465,0
1059926,0
1354281,0
1168289,0
1097917,1
1298519,0
1121252,0
1345261,0
1178429,16
1196859,0
1324401,5
1182433,1
1058539,0
1148864,3
1051614,0
1333433,2
1224220,5
1238965,1
1284766,1
1204892,11
1372479,1
1247214,0
1094724,1
1086392,3
1413888,1
1077189,0
1054973,0
1333528,0
1185542,0
1360658,0
1314097,8
1174395,1
1278258,8
1260901,1
1213141,4
1254942,5
1276249,0
1400166,1
1339052,1
1178471,0
1265678,0
1365579,0
1166625,1
1068148,0
1100251,8
1199532,0
1199512,0
1156239,0
1059359,4
1174472,7
1180709,32
1165050,0
1149094,0
1341522,0
1332262,6
1388898,3
1204471,0
1139841,11
1276368,15
1411539,0
1222023,0
1367361,0
1177373,2
1300064,0
1345055,0
1310028,0
1218327,0
1317982,1
1236324,4
1244974,0
1067120,0
1381512,0
1262959,0
1168565,2
1119122,4
1079321,0
1079139,0
1049741,0
1112417,0
1073253,0
1074455,0
1240952,2
1359873,1
1373255,0
1353445,1
1355474,0
1151663,2
1265225,2
1351443,2
1103651,0
1288278,0
1195354,57
1302931,24
1124244,1
1415480,0
1383577,0
1150770,0
1307134,0
1096603,2
1122068,7
1322176,29
1288543,1
1142485,0
1227335,0
1341705,0
1151552,0
1217432,1
1412976,0
1416346,19
1211066,1
1089137,1
1259491,8
1243565,0
1326498,1
1254021,5
1260086,0
1103890,0
1224572,1
1284174,3
1197733,0
1143058,0
1213003,2
1177483,0
1346657,0
1199950,1
1195228,0
1306982,1
1263743,1
1360244,0
1177501,0
1057437,0
1274281,0
1227068,1
1390437,0
1336933,7
1253600,0
1280763,1
1357741,0
1284472,0
1089690,0
1207109,5
1164404,0
1366035,0
1172436,7
1312000,4
1203764,8
1209244,2
1063869,1
1378460,4
1385084,0
1368374,0
1241803,0
1215530,56
1093636,0
1075440,0
1320016,0
1318249,0
1231979,3
1303786,2
1048989,1
1255771,0
1237230,2
1097634,6
1326822,2
1083268,4
1149346,4
1151829,0
1153332,0
1319103,0
1161572,2
1267404,5
1136001,0
1334861,0
1142791,0
1225532,0
1311310,0
1180609,1
1234609,0
1211571,2
1285028,13
1197841,0
1195633,1
1135411,2
1105341,1
1187309,0
1196452,1
1075924,0
1172588,0
1108435,8
1059786,0
1361396,1
1313203,2
1181478,3
1283634,11
1095307,1
1048958,0
1282636,0
1195837,10
1375491,0
1114721,1
1159475,0
1265906,0
1273128,8
1400458,0
1057838,0
1135177,7
1156341,2
1146327,0
1289967,2
1286094,0
1387994,0
1169117,0
1180605,0
1128820,0
1162173,0
1193521,0
1351595,0
1199700,5
1314763,0
1386688,1
1416748,0
1298102,1
1131502,0
1331529,7
1114323,0
1086926,0
1074694,0
1113914,0
1209778,0
1362966,0
1283009,0
1258530,0
1083743,4
1368327,0
1383082,0
1165236,9
1232792,3
1136232,1
1251535,4
1220537,0
1251397,1
1119425,1
1168956,13
1175707,1
1395120,0
1249704,1
1084664,0
1319085,6
1123241,2
1102296,3
1410262,0
1346676,0
1183577,0
1205535,0
1266380,2
1401484,0
1196806,0
1235165,0
1413798,0
1401834,0
1358714,0
1307929,0
1210538,5
1283711,2
1183972,0
1235766,3
1127197,1
1342590,0
1240279,2
1399099,1
1222341,4
1295326,4
1112110,0
1075434,0
1079536,0
1191806,7
1066629,0
1247205,3
1117417,1
1250657,4
1204112,3
1162781,24
1187223,0
1229842,2
1217871,1
1413641,0
1137895,2
1346905,0
1265386,1
1236900,0
1134723,9
1171069,2
1084064,0
1410033,0
1068738,0
1164320,0
1335672,0
1235736,3
1089947,3
1416937,0
1276390,12
1192723,1
1065740,0
1284909,0
1207527,2
1331665,0
1098657,7
1263656,3
1183985,3
1133905,0
1231498,0
1209873,1
1113753,0
1398039,0
1223194,2
1093422,0
1114093,32
1109060,9
1209281,2
1223123,3
1170302,0
1338632,7
1070688,0
1368349,0
1317740,14
1389256,3
1333934,1
1160842,9
1078784,0
1107866,1
1354043,0
1262396,1
1395471,0
1144970,1
1166108,0
1345957,0
1394880,0
1076291,0
1407530,0
1184922,8
1263582,5
1082735,0
1079763,0
1170953,0
1253576,6
1408463,0
1320730,0
1259528,4
1095380,0
1376647,0
1334448,0
1133407,0
1228519,0
1174896,0
1187064,0
1263853,0
1065169,3
1306190,11
1121613,2
1142111,0
1215716,0
1232287,3
1096703,0
1413344,0
1411440,0
1059541,0
1136850,35
1318736,3
1125649,16
1218849,0
1176368,0
1139534,8
1155626,6
1263443,4
1094079,3
1339851,0
1205158,3
1346041,1
1274489,1
1233937,7
1173995,0
1234041,9
1116354,4
1186875,0
1089728,1
1105215,0
1358370,0
1111764,3
1359918,0
1305143,0
1140142,1
1154181,2
1140937,4
1338773,1
1207276,0
1147307,1
1228532,5
1218524,0
1201940,11
1343262,0
1336346,2
1302960,3
1135021,0
1128384,3
1081006,1
1230374,4
1379192,0
1308132,1
1341845,1
1170550,1
1073055,0
1372230,0
1221474,7
1116739,10
1065793,0
1103664,2
1306338,3
1251507,2
1181651,4
1233074,1
1382664,0
1387416,1
1198389,0
1107460,0
1232409,1
1278125,3
1274304,2
1364289,0
1239648,1
1099697,0
1103382,1
1173009,1
1230213,0
1235052,0
1125773,3
1417427,0
1298113,0
1097526,2
1115154,0
1355558,0
1103387,0
1289923,2
1267155,2
1156220,11
1218502,4
1411901,0
1215285,0
1054497,0
1226289,0
1304673,1
1245898,9
1160287,0
1339078,0
1271578,0
1291055,0
1069223,0
1150205,0
1334530,2
1323098,0
1239289,0
1072038,0
1136002,4
1399881,0
1097869,0
1342598,0
1316257,0
1181856,0
1414338,0
1291073,1
1310603,1
1273647,1
1232222,1
1056907,0
1065841,0
1069686,0
1282428,3
1306416,0
1183185,5
1207679,0
1386402,1
1260414,1
1077720,0
1381110,0
1144982,1
1228518,3
1393318,0
1169687,3
1373846,0
1305436,2
1131387,4
1356548,0
1267730,1
1228038,8
1356624,0
1372550,8
1145195,1
1155714,4
1156880,2
1194362,0
1102552,0
1340944,0
1351822,0
1099556,0
1112800,14
1247823,1
1296712,0
1352009,0
1347294,3
1142344,8
1391276,0
1259215,3
1069907,0
1326182,4
1296788,4
1079964,0
1324342,4
1376778,0
1357744,1
1333340,3
1204588,9
1273447,0
1189541,0
1206800,0
1347372,0
1321244,17
1133339,0
1295968,0
1236394,10
1298111,0
1310329,3
1293506,1
1088306,2
1094072,0
1222949,2
1125149,0
1377450,1
1087177,1
1145634,15
1153891,15
1085835,0
1287731,6
1088120,2
1071915,0
1364960,0
1069952,0
1232592,0
1409094,0
1266987,4
1382059,0
1145780,1
1055966,0
1306865,3
1147497,4
1394527,1
1070486,2
1061799,0
1400588,0
1206914,0
1166257,0
1337932,0
1250579,0
1184749,4
1142310,0
1323571,0
1206384,2
1308364,0
1219104,0
1138785,0
1264857,4
1113070,0
1096180,1
1392239,0
1399802,0
1266354,11
1330695,1
1268178,10
1361494,0
1068273,0
1382368,0
1191740,17
1217665,1
1092149,13
1063323,0
1104875,0
1107729,2
1104091,0
1248113,1
1158062,0
1204675,2
1074388,10
1117722,17
1346116,0
1074260,0
1219564,0
1295334,1
1087606,0
1189520,0
1292834,2
1126243,5
1377109,0
1147081,0
1170018,6
1275854,1
1104565,0
1086659,0
1176649,0
1134085,3
1230206,0
1182207,1
1357822,0
1273210,0
1147146,0
1194728,2
1404108,0
1178001,2
1202294,0
1139338,0
1091817,1
1245636,1
1080353,1
1358168,1
1129390,3
1408574,0
1204876,4
1082124,2
1327575,5
1196240,0
1158807,2
1218763,0
1414498,0
1296322,1
1282246,0
1263639,6
1183820,0
1262109,3
1415646,21
1239026,6
1404710,0
1051119,0
1168104,58
1203681,0
1295253,0
1250775,0
1192985,3
1211371,0
1361590,0
1326871,11
1409981,2
1093193,1
1181089,0
1072065,2
1242038,1
1340057,11
1299856,1
1306771,5
1159041,5
1119981,3
1291309,4
1381990,0
1218054,0
1284047,1
1054618,4
1097027,2
1265685,13
1165877,0
1323695,0
1407014,0
1155840,13
1081675,0
1133250,13
1055516,0
1078021,0
1380917,0
1405734,0
1052123,0
1367647,0
1358379,0
1050744,0
1083401,0
1116229,0
1220968,13
1088829,5
1080159,0
1096638,14
1260005,0
1406693,0
1220737,6
1201494,1
1376947,0
1367751,0
1383588,0
1315852,19
1322572,0
1065724,0
1071806,0
1066209,0
1087366,0
1191263,1
1294164,0
1312885,6
1054818,0
1280755,0
1226790,3
1398463,0
1300746,0
1364403,0
1269617,8
1189002,26
1401370,0
1137134,2
1170422,0
1306895,0
1284084,0
1338688,2
1357489,0
1413957,0
1108549,0
1252557,11
1367991,0
1416957,0
1092067,1
1092809,0
1088737,1
1323957,9
1220741,4
1339070,10
1329679,0
1092324,5
1209577,0
1261835,0
1255953,0
1270814,0
1184250,0
1057528,1
1214472,0
1179809,1
1236007,4
1122875,1
1155286,1
1194768,4
1275586,0
1235851,0
1217757,0
1233996,4
1086957,13
1340601,0
1210959,7
1254400,2
1274005,3
1283130,7
1065067,0
1157078,1
1162552,4
1332315,5
1138691,1
1277510,0
1273910,0
1230782,0
1139099,1
1320539,4
1058176,0
1367999,0
1238286,4
1212809,0
1272722,1
1337924,0
1341448,0
1308914,0
1105197,1
1306555,0
1403873,0
1338721,0
1053603,0
1327142,2
1297401,3
1255700,2
1173626,0
1378164,1
1088144,2
1368840,0
1352214,0
1175763,0
1109508,0
1394027,0
1234034,0
1064188,0
1098768,12
1376756,0
1375313,0
1200753,0
1183107,8
1257949,4
1053792,0
1266091,7
1056613,0
1214102,0
1276925,1
1085445,6
1105607,2
1290268,1
1380182,0
1142688,17
1052851,0
1110578,1
1281489,4
1138908,0
1224725,10
1274597,0
1232085,25
1378187,0
1204792,0
1283393,0
1154136,14
1387893,0
1285165,0
1202493,0
1274731,3
1300485,1
1054145,1
1305709,0
1114234,8
1324088,0
1075336,0
1147607,7
1285241,1
1116223,3
1117004,2
1262714,0
1087409,2
1192978,5
1084936,20
1399287,2
1181035,10
1105809,31
1177235,0
1315783,0
1355551,0
1268882,22
1097892,0
1245047,0
1233103,0
1204520,2
1127949,1
1088494,0
1373961,0
1232196,1
1404355,0
1382180,0
1287091,4
1390684,0
1057002,0
1151899,2
1363606,0
1103960,1
1286680,2
1139251,58
1296587,4
1231920,0
1323726,0
1085005,2
1238889,2
1111067,3
1161233,1
1148847,0
1352986,0
1344228,0
1376588,0
1361276,0
1076795,0
1292052,0
1200860,0
1247836,4
1290439,2
1167584,0
1395985,0
1302641,1
1379413,0
1149307,4
1226655,0
1090031,0
1241239,1
1270983,0
1073224,0
1375575,0
